Dataset,n,d,Method,Activation,Bin,Bin ID,Bin Rank,Target Coverage,Coverage (mean),Coverage (std),Avg Width (mean),Avg Width (std),Avg Width (orig),Median Width,Width Std,Worst-Bin Cov (mean),Worst-Bin Cov (std),Best-Bin Cov,Cov Range,Bin Count (mean),Winkler Score (mean),Winkler Score (std),Width-Error Corr (mean),Width-Error Corr (std),CCV (mean),CCV (std)
diabetes,442,10,Global CQR,RELU,Overall,,,90%,0.9218045112781954,0.03175746177735772,2.8670842170715334,0.2078508848487187,218.35085961895658,2.8282227516174316,0.6896297335624695,0.813105413105413,0.05857039897098055,0.9925925925925926,0.17948717948717946,,3.4290663242340087,0.26861320348288015,-0.08237674380652607,0.0825417538614693,0.006666341993977319,0.002200551688728967
diabetes,442,10,Global CQR,RELU,Bin 1,2,1,90%,0.8222222222222222,0.05443310539518174,2.4187507152557375,,,,,,,,,27.0,,,,,,
diabetes,442,10,Global CQR,RELU,Bin 2,1,2,90%,0.876923076923077,0.07457969011409736,2.5986504554748535,,,,,,,,,26.0,,,,,,
diabetes,442,10,Global CQR,RELU,Bin 3,3,3,90%,0.9461538461538461,0.04615384615384615,2.772592306137085,,,,,,,,,26.0,,,,,,
diabetes,442,10,Global CQR,RELU,Bin 4,4,4,90%,0.9777777777777776,0.018144368465060606,3.507080316543579,,,,,,,,,27.0,,,,,,
diabetes,442,10,Global CQR,RELU,Bin 5,0,5,90%,0.9851851851851852,0.018144368465060606,3.0249061584472656,,,,,,,,,27.0,,,,,,
diabetes,442,10,Local CQR (Silverman),RELU,Overall,,,90%,0.9112781954887218,0.023003095550042617,2.681774675231993,0.24020123213403793,204.07041904284063,2.6870107769966127,0.7384984723881758,0.8561253561253561,0.03732084990042808,0.9774928774928775,0.12136752136752134,,3.1990943919132073,0.41820634644121,0.18279330414444256,0.08805016901425165,0.0031759969480767195,0.0013103257247020954
diabetes,442,10,Local CQR (Silverman),RELU,Bin 1,0,1,90%,0.8814814814814813,0.04319223625811335,2.05328746912656,,,,,,,,,27.0,,,,,,
diabetes,442,10,Local CQR (Silverman),RELU,Bin 2,2,2,90%,0.8814814814814815,0.02771598064276993,2.8602334514812187,,,,,,,,,27.0,,,,,,
diabetes,442,10,Local CQR (Silverman),RELU,Bin 3,1,3,90%,0.9,0.0713355268884285,2.8332710208801117,,,,,,,,,26.0,,,,,,
diabetes,442,10,Local CQR (Silverman),RELU,Bin 4,3,4,90%,0.9307692307692307,0.044853476114194636,2.7758371635125236,,,,,,,,,26.0,,,,,,
diabetes,442,10,Local CQR (Silverman),RELU,Bin 5,4,5,90%,0.962962962962963,0.023424278964210215,2.8953390427865346,,,,,,,,,27.0,,,,,,
diabetes,442,10,Local CQR (Scott),RELU,Overall,,,90%,0.9082706766917292,0.02946754577784274,2.6708888062093936,0.24370453245045234,203.23904524749182,2.6826493382453918,0.7517131054421454,0.8566951566951566,0.038346350674395985,0.9774928774928775,0.12079772079772078,,3.2001730663120744,0.4054994711482237,0.1855135211051327,0.08875415131338145,0.003130591472471813,0.0011467493006335756
diabetes,442,10,Local CQR (Scott),RELU,Bin 1,2,1,90%,0.874074074074074,0.029629629629629624,2.8568196206181136,,,,,,,,,27.0,,,,,,
diabetes,442,10,Local CQR (Scott),RELU,Bin 2,0,2,90%,0.8814814814814813,0.04319223625811335,2.0411935719075025,,,,,,,,,27.0,,,,,,
diabetes,442,10,Local CQR (Scott),RELU,Bin 3,1,3,90%,0.9,0.0713355268884285,2.830832729660548,,,,,,,,,26.0,,,,,,
diabetes,442,10,Local CQR (Scott),RELU,Bin 4,3,4,90%,0.9384615384615383,0.04615384615384618,2.768724450469017,,,,,,,,,26.0,,,,,,
diabetes,442,10,Local CQR (Scott),RELU,Bin 5,4,5,90%,0.9481481481481481,0.02962962962962963,2.866421049788482,,,,,,,,,27.0,,,,,,
diabetes,442,10,Local CQR (ISJ),RELU,Overall,,,90%,0.9082706766917292,0.02946754577784274,2.6708888062093936,0.24370453245045234,203.23904524749182,2.6826493382453918,0.7517131054421454,0.8566951566951566,0.038346350674395985,0.9774928774928775,0.12079772079772078,,3.2001730663120744,0.4054994711482237,0.1855135211051327,0.08875415131338145,0.003130591472471813,0.0011467493006335756
diabetes,442,10,Local CQR (ISJ),RELU,Bin 1,2,1,90%,0.874074074074074,0.029629629629629624,2.8568196206181136,,,,,,,,,27.0,,,,,,
diabetes,442,10,Local CQR (ISJ),RELU,Bin 2,0,2,90%,0.8814814814814813,0.04319223625811335,2.0411935719075025,,,,,,,,,27.0,,,,,,
diabetes,442,10,Local CQR (ISJ),RELU,Bin 3,1,3,90%,0.9,0.0713355268884285,2.830832729660548,,,,,,,,,26.0,,,,,,
diabetes,442,10,Local CQR (ISJ),RELU,Bin 4,3,4,90%,0.9384615384615383,0.04615384615384618,2.768724450469017,,,,,,,,,26.0,,,,,,
diabetes,442,10,Local CQR (ISJ),RELU,Bin 5,4,5,90%,0.9481481481481481,0.02962962962962963,2.866421049788482,,,,,,,,,27.0,,,,,,
california_housing,20640,8,Global CQR,RELU,Overall,,,90%,0.9002906976744185,0.006453970102011069,1.5416896343231201,0.05618681268791255,1.7775776179015395,1.4792476415634155,1.153042995929718,0.883881289434259,0.004034433927653808,0.9147011308562197,0.030819841421960748,,2.041223907470703,0.07342230047223985,0.532244861125946,0.1850558247481325,0.0001759117782842385,6.217898305182203e-05
california_housing,20640,8,Global CQR,RELU,Bin 1,4,1,90%,0.8937853107344633,0.009585170517710085,1.2736868143081665,,,,,,,,,1239.0,,,,,,
california_housing,20640,8,Global CQR,RELU,Bin 2,2,2,90%,0.8946688206785138,0.012095836217986985,1.6114240884780884,,,,,,,,,1238.0,,,,,,
california_housing,20640,8,Global CQR,RELU,Bin 3,3,3,90%,0.8990306946688207,0.01572115105098916,1.3779505729675292,,,,,,,,,1238.0,,,,,,
california_housing,20640,8,Global CQR,RELU,Bin 4,0,4,90%,0.899273607748184,0.004252442250950598,1.8693766593933105,,,,,,,,,1239.0,,,,,,
california_housing,20640,8,Global CQR,RELU,Bin 5,1,5,90%,0.9147011308562197,0.009565668073077523,1.575961661338806,,,,,,,,,1238.0,,,,,,
california_housing,20640,8,Local CQR (Silverman),RELU,Overall,,,90%,0.899031007751938,0.006482035883014225,1.5428299788411741,0.05484210864377309,1.7789290125816923,1.4589420773088932,1.1712330093137064,0.8829135487605957,0.004239628292279619,0.911631663974152,0.028718115213556206,,2.0403506613686053,0.07388833321941102,0.5294874081342307,0.18589778665219722,0.0001593314524014528,4.645009906183709e-05
california_housing,20640,8,Local CQR (Silverman),RELU,Bin 1,4,1,90%,0.8900726392251815,0.009404043043505747,1.2715883209587007,,,,,,,,,1239.0,,,,,,
california_housing,20640,8,Local CQR (Silverman),RELU,Bin 2,3,2,90%,0.8957996768982228,0.015470131980451175,1.376638440894315,,,,,,,,,1238.0,,,,,,
california_housing,20640,8,Local CQR (Silverman),RELU,Bin 3,2,3,90%,0.8977382875605816,0.007501251545230327,1.615875000372132,,,,,,,,,1238.0,,,,,,
california_housing,20640,8,Local CQR (Silverman),RELU,Bin 4,0,4,90%,0.9008878127522195,0.008109673405701684,1.8751598722448002,,,,,,,,,1239.0,,,,,,
california_housing,20640,8,Local CQR (Silverman),RELU,Bin 5,1,5,90%,0.9106623586429727,0.010539261021195526,1.5748389154422866,,,,,,,,,1238.0,,,,,,
california_housing,20640,8,Local CQR (Scott),RELU,Overall,,,90%,0.8988049095607235,0.006723158433605307,1.5429524346654186,0.05449308733703805,1.779069416693747,1.4591137398034335,1.1717014961370815,0.882590446983536,0.004291057797918103,0.9111639617649858,0.028573514781449937,,2.0409882097686425,0.07387379852208815,0.5294221078788751,0.18594205503814787,0.00016560670386470431,4.741320657904617e-05
california_housing,20640,8,Local CQR (Scott),RELU,Bin 1,4,1,90%,0.8902340597255851,0.009230655984178087,1.2716216695146625,,,,,,,,,1239.0,,,,,,
california_housing,20640,8,Local CQR (Scott),RELU,Bin 2,3,2,90%,0.8956381260096931,0.015346484118950477,1.3768231503057606,,,,,,,,,1238.0,,,,,,
california_housing,20640,8,Local CQR (Scott),RELU,Bin 3,2,3,90%,0.8962843295638125,0.00823117234433408,1.615895232624752,,,,,,,,,1238.0,,,,,,
california_housing,20640,8,Local CQR (Scott),RELU,Bin 4,0,4,90%,0.9013720742534301,0.009151275404718865,1.8752701259364735,,,,,,,,,1239.0,,,,,,
california_housing,20640,8,Local CQR (Scott),RELU,Bin 5,1,5,90%,0.9105008077544428,0.01074525954656922,1.5751027324849285,,,,,,,,,1238.0,,,,,,
california_housing,20640,8,Local CQR (ISJ),RELU,Overall,,,90%,0.8988049095607235,0.006723158433605307,1.5429514510886688,0.05449338441812603,1.779068281827816,1.4591137398034335,1.171701648130961,0.882590446983536,0.004291057797918103,0.9111639617649858,0.028573514781449937,,2.040987226191892,0.07387428608698038,0.5294220371384575,0.1859419136573339,0.00016560670386470431,4.741320657904617e-05
california_housing,20640,8,Local CQR (ISJ),RELU,Bin 1,4,1,90%,0.8902340597255851,0.009230655984178087,1.271616754012454,,,,,,,,,1239.0,,,,,,
california_housing,20640,8,Local CQR (ISJ),RELU,Bin 2,3,2,90%,0.8956381260096931,0.015346484118950477,1.3768231503057606,,,,,,,,,1238.0,,,,,,
california_housing,20640,8,Local CQR (ISJ),RELU,Bin 3,2,3,90%,0.8962843295638125,0.00823117234433408,1.615895232624752,,,,,,,,,1238.0,,,,,,
california_housing,20640,8,Local CQR (ISJ),RELU,Bin 4,0,4,90%,0.9013720742534301,0.009151275404718865,1.8752701259364735,,,,,,,,,1239.0,,,,,,
california_housing,20640,8,Local CQR (ISJ),RELU,Bin 5,1,5,90%,0.9105008077544428,0.01074525954656922,1.5751027324849285,,,,,,,,,1238.0,,,,,,
concrete,1030,8,Global CQR,RELU,Overall,,,90%,0.8873786407766989,0.020199982568708388,2.059525561332703,0.07405034989346247,34.02761653248484,1.9587985038757325,0.5893555045127868,0.8129032258064516,0.04740947889257764,0.935113696456901,0.12221047065044946,,2.525146007537842,0.06960357839621138,0.30581832528114317,0.05321502030707028,0.002781472873398191,0.0017281327119441719
concrete,1030,8,Global CQR,RELU,Bin 1,0,1,90%,0.867741935483871,0.04493028476511002,2.2090901136398315,,,,,,,,,62.0,,,,,,
concrete,1030,8,Global CQR,RELU,Bin 2,3,2,90%,0.8774193548387096,0.06000346850883312,1.8915936470031738,,,,,,,,,62.0,,,,,,
concrete,1030,8,Global CQR,RELU,Bin 3,1,3,90%,0.8838709677419354,0.07169713151900924,1.9450323343276978,,,,,,,,,62.0,,,,,,
concrete,1030,8,Global CQR,RELU,Bin 4,4,4,90%,0.896774193548387,0.01644845004384768,2.3298476457595827,,,,,,,,,62.0,,,,,,
concrete,1030,8,Global CQR,RELU,Bin 5,2,5,90%,0.9114754098360655,0.03040530654260887,1.919810175895691,,,,,,,,,61.0,,,,,,
concrete,1030,8,Local CQR (Silverman),RELU,Overall,,,90%,0.8699029126213592,0.019025163050743147,2.0447688033393634,0.08368873737266996,33.776409060748236,1.9068291991949082,0.6208451604617029,0.7903225806451614,0.0353369391938817,0.922316234796404,0.1319936541512427,,2.620620325315535,0.0886412053779876,0.249515256807502,0.051018266559165665,0.003912301891477933,0.0022367965887614923
concrete,1030,8,Local CQR (Silverman),RELU,Bin 1,0,1,90%,0.8483870967741935,0.05359112169624563,2.2056561317605174,,,,,,,,,62.0,,,,,,
concrete,1030,8,Local CQR (Silverman),RELU,Bin 2,3,2,90%,0.867741935483871,0.06642342026443228,1.8752657888036584,,,,,,,,,62.0,,,,,,
concrete,1030,8,Local CQR (Silverman),RELU,Bin 3,4,3,90%,0.8741935483870968,0.0158031596308592,2.2350183215849815,,,,,,,,,62.0,,,,,,
concrete,1030,8,Local CQR (Silverman),RELU,Bin 4,1,4,90%,0.8741935483870968,0.06720215050322469,1.9751802939440934,,,,,,,,,62.0,,,,,,
concrete,1030,8,Local CQR (Silverman),RELU,Bin 5,2,5,90%,0.8852459016393442,0.04751271064324406,1.9308866720341267,,,,,,,,,61.0,,,,,,
concrete,1030,8,Local CQR (Scott),RELU,Overall,,,90%,0.8686084142394822,0.01657766792862874,2.043437050366668,0.08007417541970242,33.75497511079128,1.907768303155899,0.6225578716085561,0.7870967741935484,0.032896900087695406,0.922316234796404,0.1352194606028556,,2.624741081793906,0.0896156250017066,0.2475727914066339,0.04794133666486588,0.004070470465879598,0.0020593501522004776
concrete,1030,8,Local CQR (Scott),RELU,Bin 1,0,1,90%,0.8483870967741935,0.05059479723018747,2.1986873133959133,,,,,,,,,62.0,,,,,,
concrete,1030,8,Local CQR (Scott),RELU,Bin 2,3,2,90%,0.864516129032258,0.07111421833886647,1.8802627442464714,,,,,,,,,62.0,,,,,,
concrete,1030,8,Local CQR (Scott),RELU,Bin 3,4,3,90%,0.8709677419354838,0.017668469596940826,2.2358868373994856,,,,,,,,,62.0,,,,,,
concrete,1030,8,Local CQR (Scott),RELU,Bin 4,1,4,90%,0.8741935483870968,0.06720215050322469,1.9715735524772633,,,,,,,,,62.0,,,,,,
concrete,1030,8,Local CQR (Scott),RELU,Bin 5,2,5,90%,0.8852459016393442,0.04751271064324406,1.9289278822477722,,,,,,,,,61.0,,,,,,
concrete,1030,8,Local CQR (ISJ),RELU,Overall,,,90%,0.8686084142394822,0.01657766792862874,2.043437050366668,0.08007417541970242,33.75497511079128,1.907768303155899,0.6225578716085561,0.7870967741935484,0.032896900087695406,0.922316234796404,0.1352194606028556,,2.624741081793906,0.0896156250017066,0.2475727914066339,0.04794133666486588,0.004070470465879598,0.0020593501522004776
concrete,1030,8,Local CQR (ISJ),RELU,Bin 1,0,1,90%,0.8483870967741935,0.05059479723018747,2.1986873133959133,,,,,,,,,62.0,,,,,,
concrete,1030,8,Local CQR (ISJ),RELU,Bin 2,3,2,90%,0.864516129032258,0.07111421833886647,1.8802627442464714,,,,,,,,,62.0,,,,,,
concrete,1030,8,Local CQR (ISJ),RELU,Bin 3,4,3,90%,0.8709677419354838,0.017668469596940826,2.2358868373994856,,,,,,,,,62.0,,,,,,
concrete,1030,8,Local CQR (ISJ),RELU,Bin 4,1,4,90%,0.8741935483870968,0.06720215050322469,1.9715735524772633,,,,,,,,,62.0,,,,,,
concrete,1030,8,Local CQR (ISJ),RELU,Bin 5,2,5,90%,0.8852459016393442,0.04751271064324406,1.9289278822477722,,,,,,,,,61.0,,,,,,
energy,768,8,Global CQR,RELU,Overall,,,90%,0.9056277056277056,0.0253015397336839,0.8801308751106263,0.045211408484503716,8.885837530666038,0.902455997467041,0.4826500713825226,0.826086956521739,0.04762804847871007,0.9740980573543017,0.14801110083256244,,1.0141901135444642,0.0857094347644451,0.6539340019226074,0.06607789241561535,0.004149869797126551,0.0019385726190137252
energy,768,8,Global CQR,RELU,Bin 1,2,1,90%,0.8391304347826086,0.04259982161362046,0.8709332585334778,,,,,,,,,46.0,,,,,,
energy,768,8,Global CQR,RELU,Bin 2,1,2,90%,0.8826086956521738,0.03532190610711288,1.1305634558200837,,,,,,,,,46.0,,,,,,
energy,768,8,Global CQR,RELU,Bin 3,3,3,90%,0.9130434782608695,0.06874516652539954,0.5757197678089142,,,,,,,,,46.0,,,,,,
energy,768,8,Global CQR,RELU,Bin 4,0,4,90%,0.9434782608695652,0.05253498249388945,1.1183321952819825,,,,,,,,,46.0,,,,,,
energy,768,8,Global CQR,RELU,Bin 5,4,5,90%,0.948936170212766,0.04169344243035194,0.7088298439979553,,,,,,,,,47.0,,,,,,
energy,768,8,Local CQR (Silverman),RELU,Overall,,,90%,0.9021645021645022,0.02648841305762486,0.876982630269997,0.08111550451720059,8.849540072555405,0.7805519521236419,0.5077475754225094,0.8304347826086957,0.04215373789057675,0.9827937095282145,0.15235892691951897,,0.9965704854335877,0.0818863484038415,0.6273128034318193,0.052600720973190164,0.003979497861044481,0.002154163481270774
energy,768,8,Local CQR (Silverman),RELU,Bin 1,2,1,90%,0.8391304347826087,0.02948839123097941,0.8152732087542182,,,,,,,,,46.0,,,,,,
energy,768,8,Local CQR (Silverman),RELU,Bin 2,3,2,90%,0.8869565217391303,0.06650895017729717,0.542087647124477,,,,,,,,,46.0,,,,,,
energy,768,8,Local CQR (Silverman),RELU,Bin 3,1,3,90%,0.9,0.04476360930863915,1.1829724098353283,,,,,,,,,46.0,,,,,,
energy,768,8,Local CQR (Silverman),RELU,Bin 4,4,4,90%,0.9361702127659575,0.04463016375192133,0.6815110248137027,,,,,,,,,47.0,,,,,,
energy,768,8,Local CQR (Silverman),RELU,Bin 5,0,5,90%,0.9478260869565217,0.05601782055097881,1.16731824354957,,,,,,,,,46.0,,,,,,
energy,768,8,Local CQR (Scott),RELU,Overall,,,90%,0.9012987012987013,0.02729676670205099,0.8744621074464156,0.07989315405480879,8.82427954978795,0.7692284941673279,0.5063038274317295,0.8347826086956524,0.0447636093086391,0.9827937095282145,0.14801110083256244,,0.9958896385546113,0.08250937442261465,0.6271198363901036,0.05598445325455945,0.004051331509437675,0.002585317181404413
energy,768,8,Local CQR (Scott),RELU,Bin 1,2,1,90%,0.8391304347826087,0.0379034690742667,0.8110688558415227,,,,,,,,,46.0,,,,,,
energy,768,8,Local CQR (Scott),RELU,Bin 2,3,2,90%,0.8869565217391303,0.06650895017729717,0.54194710481426,,,,,,,,,46.0,,,,,,
energy,768,8,Local CQR (Scott),RELU,Bin 3,1,3,90%,0.8956521739130434,0.04215373789057679,1.1776743963036849,,,,,,,,,46.0,,,,,,
energy,768,8,Local CQR (Scott),RELU,Bin 4,4,4,90%,0.9361702127659575,0.04463016375192133,0.6806661609322466,,,,,,,,,47.0,,,,,,
energy,768,8,Local CQR (Scott),RELU,Bin 5,0,5,90%,0.9478260869565217,0.05601782055097881,1.1651669746993676,,,,,,,,,46.0,,,,,,
energy,768,8,Local CQR (ISJ),RELU,Overall,,,90%,0.9012987012987013,0.02729676670205099,0.8744621074464156,0.07989315405480879,8.82427954978795,0.7692284941673279,0.5063038274317295,0.8347826086956524,0.0447636093086391,0.9827937095282145,0.14801110083256244,,0.9958896385546113,0.08250937442261465,0.6271198363901036,0.05598445325455945,0.004051331509437675,0.002585317181404413
energy,768,8,Local CQR (ISJ),RELU,Bin 1,2,1,90%,0.8391304347826087,0.0379034690742667,0.8110688558415227,,,,,,,,,46.0,,,,,,
energy,768,8,Local CQR (ISJ),RELU,Bin 2,3,2,90%,0.8869565217391303,0.06650895017729717,0.54194710481426,,,,,,,,,46.0,,,,,,
energy,768,8,Local CQR (ISJ),RELU,Bin 3,1,3,90%,0.8956521739130434,0.04215373789057679,1.1776743963036849,,,,,,,,,46.0,,,,,,
energy,768,8,Local CQR (ISJ),RELU,Bin 4,4,4,90%,0.9361702127659575,0.04463016375192133,0.6806661609322466,,,,,,,,,47.0,,,,,,
energy,768,8,Local CQR (ISJ),RELU,Bin 5,0,5,90%,0.9478260869565217,0.05601782055097881,1.1651669746993676,,,,,,,,,46.0,,,,,,
bio,45730,9,Global CQR,RELU,Overall,,,90%,0.9014505430424957,0.003321490801149527,2.3215786457061767,0.036061470890327504,14.211268423116447,2.4023420333862306,0.4729431688785553,0.8776967930029155,0.010851494461299833,0.9319910527619204,0.054294259759004884,,2.6386172771453857,0.013001510171292282,0.379227352142334,0.025181874661164512,0.0005537970793612222,0.00033555189401870327
bio,45730,9,Global CQR,RELU,Bin 1,1,1,90%,0.8791458565614674,0.010476223412283834,2.4097687721252443,,,,,,,,,2743.8,,,,,,
bio,45730,9,Global CQR,RELU,Bin 2,4,2,90%,0.8943877551020408,0.027214419977159114,2.1802194118499756,,,,,,,,,2744.0,,,,,,
bio,45730,9,Global CQR,RELU,Bin 3,3,3,90%,0.9044460641399417,0.010655866997397538,2.369917106628418,,,,,,,,,2744.0,,,,,,
bio,45730,9,Global CQR,RELU,Bin 4,0,4,90%,0.9096209912536443,0.0286685073543308,2.1675634384155273,,,,,,,,,2744.0,,,,,,
bio,45730,9,Global CQR,RELU,Bin 5,2,5,90%,0.9196563157318549,0.0042525723036979,2.480480194091797,,,,,,,,,2743.2,,,,,,
bio,45730,9,Local CQR (Silverman),RELU,Overall,,,90%,0.901465121364531,0.0032331024186903617,2.32147762562006,0.035207515808637416,14.2106077578667,2.4132946014404295,0.4893819538845364,0.8753553173782403,0.006700511885008531,0.9299510601594942,0.05459574278125394,,2.6336653486507435,0.013363063771886325,0.38031250484954365,0.025568727688588495,0.00045057508529186465,0.0001607129290010181
bio,45730,9,Local CQR (Silverman),RELU,Bin 1,1,1,90%,0.884538990847628,0.009099650477729739,2.4251989844923503,,,,,,,,,2743.8,,,,,,
bio,45730,9,Local CQR (Silverman),RELU,Bin 2,4,2,90%,0.8854956268221574,0.022338669191195558,2.148991298699204,,,,,,,,,2744.0,,,,,,
bio,45730,9,Local CQR (Silverman),RELU,Bin 3,3,3,90%,0.8978134110787173,0.004460974853673287,2.363211155406935,,,,,,,,,2744.0,,,,,,
bio,45730,9,Local CQR (Silverman),RELU,Bin 4,0,4,90%,0.9161078717201165,0.018568705147441526,2.175988100764529,,,,,,,,,2744.0,,,,,,
bio,45730,9,Local CQR (Silverman),RELU,Bin 5,2,5,90%,0.9233748720570463,0.006805111863411099,2.4940570338641663,,,,,,,,,2743.2,,,,,,
bio,45730,9,Local CQR (Scott),RELU,Overall,,,90%,0.9012756031780741,0.003210409996880431,2.321429332370898,0.035210980994274374,14.210312904332673,2.4131057500839233,0.4892832946298725,0.8744077423688605,0.0064109149678298364,0.9301697456233677,0.05576200325450738,,2.6336470991620997,0.013359752491714175,0.3802064217400629,0.02563978689983021,0.00046069685581681663,0.0001586312702692829
bio,45730,9,Local CQR (Scott),RELU,Bin 1,1,1,90%,0.8840287336225048,0.009454948855106183,2.42508322011352,,,,,,,,,2743.8,,,,,,
bio,45730,9,Local CQR (Scott),RELU,Bin 2,4,2,90%,0.8849854227405249,0.022522455576455568,2.148949800280906,,,,,,,,,2744.0,,,,,,
bio,45730,9,Local CQR (Scott),RELU,Bin 3,3,3,90%,0.8979591836734695,0.004324313986644694,2.363214351199893,,,,,,,,,2744.0,,,,,,
bio,45730,9,Local CQR (Scott),RELU,Bin 4,0,4,90%,0.9161078717201165,0.01883712478551444,2.1758774820335054,,,,,,,,,2744.0,,,,,,
bio,45730,9,Local CQR (Scott),RELU,Bin 5,2,5,90%,0.923301959187925,0.006794233568999306,2.4940802688762704,,,,,,,,,2743.2,,,,,,
bio,45730,9,Local CQR (ISJ),RELU,Overall,,,90%,0.9012756031780741,0.003210409996880431,2.32142918473177,0.0352110591054155,14.210312000213921,2.4131057500839233,0.48928324673484563,0.8744077423688605,0.0064109149678298364,0.9301697456233677,0.05576200325450738,,2.633646690894396,0.013359239492523711,0.3802067063662841,0.02563980231021259,0.00046069685581681663,0.0001586312702692829
bio,45730,9,Local CQR (ISJ),RELU,Bin 1,1,1,90%,0.8840287336225048,0.009454948855106183,2.4250830336562363,,,,,,,,,2743.8,,,,,,
bio,45730,9,Local CQR (ISJ),RELU,Bin 2,4,2,90%,0.8849854227405249,0.022522455576455568,2.148949800280906,,,,,,,,,2744.0,,,,,,
bio,45730,9,Local CQR (ISJ),RELU,Bin 3,3,3,90%,0.8979591836734695,0.004324313986644694,2.363214351199893,,,,,,,,,2744.0,,,,,,
bio,45730,9,Local CQR (ISJ),RELU,Bin 4,0,4,90%,0.9161078717201165,0.01883712478551444,2.1758771601162916,,,,,,,,,2744.0,,,,,,
bio,45730,9,Local CQR (ISJ),RELU,Bin 5,2,5,90%,0.923301959187925,0.006794233568999306,2.4940800388587054,,,,,,,,,2743.2,,,,,,
community,1994,100,Global CQR,RELU,Overall,,,90%,0.8958263772954925,0.011154118923866481,1.6690518140792847,0.08874805076988174,0.375830872996636,1.5416174173355102,0.7911392569541931,0.8266666666666668,0.03666666666666667,0.9533333333333334,0.12666666666666665,,2.3119653701782226,0.1378141501613221,0.5428694903850555,0.060008839921848044,0.0023600193018383825,0.0014084196501765497
community,1994,100,Global CQR,RELU,Bin 1,0,1,90%,0.8766666666666666,0.05280993172584953,2.286486530303955,,,,,,,,,120.0,,,,,,
community,1994,100,Global CQR,RELU,Bin 2,1,2,90%,0.8800000000000001,0.0351978534699048,1.8508705615997314,,,,,,,,,120.0,,,,,,
community,1994,100,Global CQR,RELU,Bin 3,3,3,90%,0.9016666666666666,0.035118845842842465,1.3086755752563477,,,,,,,,,120.0,,,,,,
community,1994,100,Global CQR,RELU,Bin 4,2,4,90%,0.9092436974789916,0.023409055928040535,1.6204953908920288,,,,,,,,,119.0,,,,,,
community,1994,100,Global CQR,RELU,Bin 5,4,5,90%,0.9116666666666667,0.06944222218666551,1.2783263444900512,,,,,,,,,120.0,,,,,,
community,1994,100,Local CQR (Silverman),RELU,Overall,,,90%,0.8991652754590985,0.017937063129967644,1.7028790830596965,0.10789122550157809,0.3833794937458069,1.545040813088417,0.9339147459965045,0.8433333333333334,0.033082388735465346,0.9382212885154061,0.09488795518207285,,2.324458870595025,0.1251053218123271,0.5384414521825613,0.06292789800578029,0.0015845903067109202,0.0005202708564337739
community,1994,100,Local CQR (Silverman),RELU,Bin 1,4,1,90%,0.8850000000000001,0.04390646624106499,1.2227656655346015,,,,,,,,,120.0,,,,,,
community,1994,100,Local CQR (Silverman),RELU,Bin 2,0,2,90%,0.8933333333333333,0.04725815626252608,2.369413572757815,,,,,,,,,120.0,,,,,,
community,1994,100,Local CQR (Silverman),RELU,Bin 3,3,3,90%,0.8933333333333333,0.03590109871423004,1.2940039036454014,,,,,,,,,120.0,,,,,,
community,1994,100,Local CQR (Silverman),RELU,Bin 4,1,4,90%,0.9016666666666667,0.03391164991562634,1.9604296825593337,,,,,,,,,120.0,,,,,,
community,1994,100,Local CQR (Silverman),RELU,Bin 5,2,5,90%,0.922689075630252,0.02216958984583684,1.6674876622949575,,,,,,,,,119.0,,,,,,
community,1994,100,Local CQR (Scott),RELU,Overall,,,90%,0.8981636060100167,0.01926749655593123,1.7037042600460068,0.10875293631583646,0.38355549743618395,1.5519479125738145,0.9355203170638557,0.8416666666666668,0.03291402943021916,0.9383333333333332,0.09666666666666668,,2.325162910046699,0.12583367181127378,0.53810053861001,0.06243232409982145,0.0016937722147682612,0.0005124744217388507
community,1994,100,Local CQR (Scott),RELU,Bin 1,4,1,90%,0.8866666666666667,0.04582575694955842,1.2222244440351584,,,,,,,,,120.0,,,,,,
community,1994,100,Local CQR (Scott),RELU,Bin 2,3,2,90%,0.8916666666666666,0.038005847503304616,1.292861147277678,,,,,,,,,120.0,,,,,,
community,1994,100,Local CQR (Scott),RELU,Bin 3,0,3,90%,0.8950000000000001,0.0479003595439997,2.36934966768759,,,,,,,,,120.0,,,,,,
community,1994,100,Local CQR (Scott),RELU,Bin 4,1,4,90%,0.8983333333333334,0.03778594682918212,1.9625784364606567,,,,,,,,,120.0,,,,,,
community,1994,100,Local CQR (Scott),RELU,Bin 5,2,5,90%,0.9193277310924369,0.023529411764705882,1.6712370446405742,,,,,,,,,119.0,,,,,,
community,1994,100,Local CQR (ISJ),RELU,Overall,,,90%,0.8981636060100167,0.01926749655593123,1.7037042600460068,0.10875293631583646,0.38355549743618395,1.5519479125738145,0.9355203170638557,0.8416666666666668,0.03291402943021916,0.9383333333333332,0.09666666666666668,,2.325162910046699,0.12583367181127378,0.53810053861001,0.06243232409982145,0.0016937722147682612,0.0005124744217388507
community,1994,100,Local CQR (ISJ),RELU,Bin 1,4,1,90%,0.8866666666666667,0.04582575694955842,1.2222244440351584,,,,,,,,,120.0,,,,,,
community,1994,100,Local CQR (ISJ),RELU,Bin 2,3,2,90%,0.8916666666666666,0.038005847503304616,1.292861147277678,,,,,,,,,120.0,,,,,,
community,1994,100,Local CQR (ISJ),RELU,Bin 3,0,3,90%,0.8950000000000001,0.0479003595439997,2.36934966768759,,,,,,,,,120.0,,,,,,
community,1994,100,Local CQR (ISJ),RELU,Bin 4,1,4,90%,0.8983333333333334,0.03778594682918212,1.9625784364606567,,,,,,,,,120.0,,,,,,
community,1994,100,Local CQR (ISJ),RELU,Bin 5,2,5,90%,0.9193277310924369,0.023529411764705882,1.6712370446405742,,,,,,,,,119.0,,,,,,
blog_data,52397,280,Global CQR,RELU,Overall,,,90%,0.8996437659033079,0.0015852846150244838,0.48995122909545896,0.024690228369748553,18.72551354586838,0.07991950660943985,1.498762059211731,0.8227735368956743,0.029111238577004685,0.9462468193384226,0.1234732824427481,,1.1488163948059082,0.08389302953114358,0.7423848152160645,0.04724291859163035,0.002217089459951181,0.0011754368299022279
blog_data,52397,280,Global CQR,RELU,Bin 1,4,1,90%,0.8387404580152673,0.04871128948681801,1.4235512495040894,,,,,,,,,3144.0,,,,,,
blog_data,52397,280,Global CQR,RELU,Bin 2,3,2,90%,0.8912849872773536,0.022251359185025077,0.5048922240734101,,,,,,,,,3144.0,,,,,,
blog_data,52397,280,Global CQR,RELU,Bin 3,2,3,90%,0.9071882951653943,0.027675338307468437,0.23898261785507202,,,,,,,,,3144.0,,,,,,
blog_data,52397,280,Global CQR,RELU,Bin 4,1,4,90%,0.9284987277353689,0.0154625957883284,0.18315330743789673,,,,,,,,,3144.0,,,,,,
blog_data,52397,280,Global CQR,RELU,Bin 5,0,5,90%,0.9325063613231552,0.03825340304383502,0.0991768293082714,,,,,,,,,3144.0,,,,,,
blog_data,52397,280,Local CQR (Silverman),RELU,Overall,,,90%,0.8965521628498727,0.005124147479022732,0.5595439842834043,0.016167334557262016,21.397068759764963,0.08002434819936752,1.7266953220862127,0.8257633587786259,0.01316717063314072,0.9431297709923664,0.11736641221374049,,1.2767902918768794,0.11261277315527381,0.6596401156407959,0.042354031528858214,0.00181232235236227,0.0005825464215776302
blog_data,52397,280,Local CQR (Silverman),RELU,Bin 1,4,1,90%,0.8409669211195929,0.03130650076174119,1.5703471983481698,,,,,,,,,3144.0,,,,,,
blog_data,52397,280,Local CQR (Silverman),RELU,Bin 2,3,2,90%,0.8912849872773536,0.014718457751918336,0.6232750737895292,,,,,,,,,3144.0,,,,,,
blog_data,52397,280,Local CQR (Silverman),RELU,Bin 3,2,3,90%,0.9007633587786259,0.028860363402494177,0.27900214128162754,,,,,,,,,3144.0,,,,,,
blog_data,52397,280,Local CQR (Silverman),RELU,Bin 4,1,4,90%,0.9244910941475828,0.014992492947164114,0.21472425046243965,,,,,,,,,3144.0,,,,,,
blog_data,52397,280,Local CQR (Silverman),RELU,Bin 5,0,5,90%,0.9252544529262086,0.04481234988424102,0.11037125753525538,,,,,,,,,3144.0,,,,,,
blog_data,52397,280,Local CQR (Scott),RELU,Overall,,,90%,0.896501272264631,0.005250462106319353,0.5608278666682602,0.014664285596704754,21.4475767926564,0.08001746460795403,1.7308114206856717,0.8256997455470737,0.013498901606418352,0.9434478371501273,0.11774809160305344,,1.2776632995509531,0.11181031751197339,0.6581243085638052,0.0422643613609592,0.0018239880154614148,0.0005863882547124635
blog_data,52397,280,Local CQR (Scott),RELU,Bin 1,4,1,90%,0.8406488549618321,0.03119189688733981,1.5742766186556831,,,,,,,,,3144.0,,,,,,
blog_data,52397,280,Local CQR (Scott),RELU,Bin 2,3,2,90%,0.8916666666666666,0.01525073330046094,0.62309196375718,,,,,,,,,3144.0,,,,,,
blog_data,52397,280,Local CQR (Scott),RELU,Bin 3,2,3,90%,0.9005725190839694,0.028384335120330815,0.28007004437683447,,,,,,,,,3144.0,,,,,,
blog_data,52397,280,Local CQR (Scott),RELU,Bin 4,1,4,90%,0.9239821882951654,0.01573833002630966,0.21576581970364134,,,,,,,,,3144.0,,,,,,
blog_data,52397,280,Local CQR (Scott),RELU,Bin 5,0,5,90%,0.9256361323155217,0.045126134246390504,0.11093488684796157,,,,,,,,,3144.0,,,,,,
blog_data,52397,280,Local CQR (ISJ),RELU,Overall,,,90%,0.896501272264631,0.005250462106319353,0.5608278635026166,0.014664287263039998,21.447576672027502,0.08001746460795403,1.7308114211768708,0.8256997455470737,0.013498901606418352,0.9434478371501273,0.11774809160305344,,1.2776632963094767,0.11181031938815375,0.6581243085267389,0.0422643613456726,0.0018239880154614148,0.0005863882547124635
blog_data,52397,280,Local CQR (ISJ),RELU,Bin 1,4,1,90%,0.8406488549618321,0.03119189688733981,1.574276618668954,,,,,,,,,3144.0,,,,,,
blog_data,52397,280,Local CQR (ISJ),RELU,Bin 2,3,2,90%,0.8916666666666666,0.01525073330046094,0.6230919635694936,,,,,,,,,3144.0,,,,,,
blog_data,52397,280,Local CQR (ISJ),RELU,Bin 3,2,3,90%,0.9005725190839694,0.028384335120330815,0.28007004532474555,,,,,,,,,3144.0,,,,,,
blog_data,52397,280,Local CQR (ISJ),RELU,Bin 4,1,4,90%,0.9239821882951654,0.01573833002630966,0.21576580380906937,,,,,,,,,3144.0,,,,,,
blog_data,52397,280,Local CQR (ISJ),RELU,Bin 5,0,5,90%,0.9256361323155217,0.045126134246390504,0.11093488614081996,,,,,,,,,3144.0,,,,,,
rf1,4017,64,Global CQR,RELU,Overall,,,90%,0.897844112769486,0.008890497614381552,0.4705000579357147,0.024550626473259562,15.898805389091644,0.4690763056278229,0.18584569096565245,0.8303178903329791,0.02972545113721873,0.9469736977469909,0.11665580741401187,,0.5256959080696106,0.027737383429755746,0.651918888092041,0.029996065300764173,0.0021721326979957803,0.001389171021258379
rf1,4017,64,Global CQR,RELU,Bin 1,4,1,90%,0.8727272727272727,0.0662910896864644,0.46927512884140016,,,,,,,,,242.0,,,,,,
rf1,4017,64,Global CQR,RELU,Bin 2,1,2,90%,0.8780082987551868,0.03516949394260097,0.5672205090522766,,,,,,,,,241.0,,,,,,
rf1,4017,64,Global CQR,RELU,Bin 3,3,3,90%,0.878838174273859,0.026032177827980275,0.4061798512935638,,,,,,,,,241.0,,,,,,
rf1,4017,64,Global CQR,RELU,Bin 4,0,4,90%,0.9253112033195021,0.02272707707490316,0.49133538007736205,,,,,,,,,241.0,,,,,,
rf1,4017,64,Global CQR,RELU,Bin 5,2,5,90%,0.9344398340248963,0.023087846876752804,0.4184944748878479,,,,,,,,,241.0,,,,,,
rf1,4017,64,Local CQR (Silverman),RELU,Overall,,,90%,0.9024875621890548,0.009167678249476117,0.46716188658322294,0.021513780743694033,15.785948701547477,0.46004061624407766,0.18834426693985068,0.8499468468159528,0.020119555779329383,0.9402832550324064,0.0903364082164535,,0.5167893490232419,0.02667509285498766,0.665559404190468,0.02912758953752426,0.0011941006114251646,0.0006347723978285437
rf1,4017,64,Local CQR (Silverman),RELU,Bin 1,1,1,90%,0.8838174273858922,0.027145937317503924,0.5728884134070631,,,,,,,,,241.0,,,,,,
rf1,4017,64,Local CQR (Silverman),RELU,Bin 2,3,2,90%,0.887136929460581,0.021222758261484523,0.4019876554422853,,,,,,,,,241.0,,,,,,
rf1,4017,64,Local CQR (Silverman),RELU,Bin 3,4,3,90%,0.8942148760330578,0.04664848195593418,0.46287573099382656,,,,,,,,,242.0,,,,,,
rf1,4017,64,Local CQR (Silverman),RELU,Bin 4,0,4,90%,0.9136929460580914,0.017682386516732367,0.47729085539139166,,,,,,,,,241.0,,,,,,
rf1,4017,64,Local CQR (Silverman),RELU,Bin 5,2,5,90%,0.9336099585062241,0.022727077074903172,0.4207845625595124,,,,,,,,,241.0,,,,,,
rf1,4017,64,Local CQR (Scott),RELU,Overall,,,90%,0.9028192371475953,0.009313513155621218,0.4669146661890693,0.021242590938667715,15.77760174770523,0.4591106779873371,0.18871246116942703,0.8499434175782724,0.017990323423057106,0.9419361475943898,0.09199273001611738,,0.5163405395919537,0.026428444724929213,0.6661098574730058,0.02916027629594769,0.00121531265200514,0.0006506111225046261
rf1,4017,64,Local CQR (Scott),RELU,Bin 1,1,1,90%,0.88298755186722,0.02706972021626569,0.5728902200553798,,,,,,,,,241.0,,,,,,
rf1,4017,64,Local CQR (Scott),RELU,Bin 2,3,2,90%,0.8879668049792532,0.022878089215087504,0.4021707872570303,,,,,,,,,241.0,,,,,,
rf1,4017,64,Local CQR (Scott),RELU,Bin 3,4,3,90%,0.896694214876033,0.047762589344793,0.4626431316506764,,,,,,,,,242.0,,,,,,
rf1,4017,64,Local CQR (Scott),RELU,Bin 4,0,4,90%,0.9128630705394192,0.017208665023508457,0.4761341952552625,,,,,,,,,241.0,,,,,,
rf1,4017,64,Local CQR (Scott),RELU,Bin 5,2,5,90%,0.9336099585062241,0.02242200180266608,0.4207527209367001,,,,,,,,,241.0,,,,,,
rf1,4017,64,Local CQR (ISJ),RELU,Overall,,,90%,0.9028192371475953,0.009313513155621218,0.4669146661890693,0.021242590938667715,15.77760174770523,0.4591106779873371,0.18871246116942703,0.8499434175782724,0.017990323423057106,0.9419361475943898,0.09199273001611738,,0.5163405395919537,0.026428444724929213,0.6661098574730058,0.02916027629594769,0.00121531265200514,0.0006506111225046261
rf1,4017,64,Local CQR (ISJ),RELU,Bin 1,1,1,90%,0.88298755186722,0.02706972021626569,0.5728902200553798,,,,,,,,,241.0,,,,,,
rf1,4017,64,Local CQR (ISJ),RELU,Bin 2,3,2,90%,0.8879668049792532,0.022878089215087504,0.4021707872570303,,,,,,,,,241.0,,,,,,
rf1,4017,64,Local CQR (ISJ),RELU,Bin 3,4,3,90%,0.896694214876033,0.047762589344793,0.4626431316506764,,,,,,,,,242.0,,,,,,
rf1,4017,64,Local CQR (ISJ),RELU,Bin 4,0,4,90%,0.9128630705394192,0.017208665023508457,0.4761341952552625,,,,,,,,,241.0,,,,,,
rf1,4017,64,Local CQR (ISJ),RELU,Bin 5,2,5,90%,0.9336099585062241,0.02242200180266608,0.4207527209367001,,,,,,,,,241.0,,,,,,
rf2,7679,576,Global CQR,RELU,Overall,,,90%,0.8971354166666667,0.007960594804243338,0.26916555166244505,0.012087014220124932,15.960478440026202,0.21293524503707886,0.21155393719673157,0.8446854663774402,0.03192775617002011,0.9383731019522777,0.09368763557483732,,0.36490413546562195,0.02778257972767593,0.6129162073135376,0.014788935427658306,0.0015511945377949929,0.0014253081289178928
rf2,7679,576,Global CQR,RELU,Bin 1,0,1,90%,0.8624728850325379,0.04685868063443694,0.24455071985721588,,,,,,,,,461.0,,,,,,
rf2,7679,576,Global CQR,RELU,Bin 2,4,2,90%,0.879826464208243,0.031121746524010344,0.4266927719116211,,,,,,,,,461.0,,,,,,
rf2,7679,576,Global CQR,RELU,Bin 3,1,3,90%,0.9058568329718005,0.012007247291191365,0.23309723436832427,,,,,,,,,461.0,,,,,,
rf2,7679,576,Global CQR,RELU,Bin 4,3,4,90%,0.9175704989154013,0.036115670955778605,0.23280076384544374,,,,,,,,,461.0,,,,,,
rf2,7679,576,Global CQR,RELU,Bin 5,2,5,90%,0.9199999999999999,0.024184233017692826,0.20855478942394257,,,,,,,,,460.0,,,,,,
rf2,7679,576,Local CQR (Silverman),RELU,Overall,,,90%,0.8960069444444445,0.004735479755897872,0.26754246940642284,0.014570458796944095,15.863175474009765,0.20881299003958703,0.21665004792372536,0.8585683297180043,0.014609508234692167,0.933606526454777,0.07503819673677262,,0.3546892706680713,0.02608255898671028,0.6184688684527858,0.016847436269740283,0.0008067966124446335,0.0005833236065080697
rf2,7679,576,Local CQR (Silverman),RELU,Bin 1,4,1,90%,0.8681127982646422,0.025863528955815843,0.4281519476037448,,,,,,,,,461.0,,,,,,
rf2,7679,576,Local CQR (Silverman),RELU,Bin 2,0,2,90%,0.8932754880694143,0.02201067400254374,0.25289781235295816,,,,,,,,,461.0,,,,,,
rf2,7679,576,Local CQR (Silverman),RELU,Bin 3,1,3,90%,0.902819956616052,0.010573585776098855,0.22923217452092826,,,,,,,,,461.0,,,,,,
rf2,7679,576,Local CQR (Silverman),RELU,Bin 4,2,4,90%,0.9047826086956523,0.02956521739130435,0.202011025176667,,,,,,,,,460.0,,,,,,
rf2,7679,576,Local CQR (Silverman),RELU,Bin 5,3,5,90%,0.911062906724512,0.026066496981865167,0.22527723673957353,,,,,,,,,461.0,,,,,,
rf2,7679,576,Local CQR (Scott),RELU,Overall,,,90%,0.8955729166666666,0.0033122888938088456,0.26807288223976183,0.015203187703372815,15.894463293852272,0.20891063734889032,0.2179656806093067,0.8585683297180043,0.015240059063123916,0.9323040648872961,0.07373573516929169,,0.3549486745847389,0.027229381894620805,0.6158971906130298,0.018153035845227553,0.0007812252753778791,0.0005951696653228231
rf2,7679,576,Local CQR (Scott),RELU,Bin 1,4,1,90%,0.8685466377440347,0.02612419820793858,0.4293451085314963,,,,,,,,,461.0,,,,,,
rf2,7679,576,Local CQR (Scott),RELU,Bin 2,0,2,90%,0.8932754880694143,0.021403724743677226,0.25378642957415154,,,,,,,,,461.0,,,,,,
rf2,7679,576,Local CQR (Scott),RELU,Bin 3,1,3,90%,0.9015184381778741,0.009758977769372634,0.22918951725445832,,,,,,,,,461.0,,,,,,
rf2,7679,576,Local CQR (Scott),RELU,Bin 4,2,4,90%,0.9039130434782608,0.02872199054767608,0.20238529775615616,,,,,,,,,460.0,,,,,,
rf2,7679,576,Local CQR (Scott),RELU,Bin 5,3,5,90%,0.9106290672451193,0.026080934256293514,0.22551556874527204,,,,,,,,,461.0,,,,,,
rf2,7679,576,Local CQR (ISJ),RELU,Overall,,,90%,0.8955729166666666,0.0033122888938088456,0.26807288223976183,0.015203187703372815,15.894463293852272,0.20891063734889032,0.2179656806093067,0.8585683297180043,0.015240059063123916,0.9323040648872961,0.07373573516929169,,0.3549486745847389,0.027229381894620805,0.6158971906130298,0.018153035845227553,0.0007812252753778791,0.0005951696653228231
rf2,7679,576,Local CQR (ISJ),RELU,Bin 1,4,1,90%,0.8685466377440347,0.02612419820793858,0.4293451085314963,,,,,,,,,461.0,,,,,,
rf2,7679,576,Local CQR (ISJ),RELU,Bin 2,0,2,90%,0.8932754880694143,0.021403724743677226,0.25378642957415154,,,,,,,,,461.0,,,,,,
rf2,7679,576,Local CQR (ISJ),RELU,Bin 3,1,3,90%,0.9015184381778741,0.009758977769372634,0.22918951725445832,,,,,,,,,461.0,,,,,,
rf2,7679,576,Local CQR (ISJ),RELU,Bin 4,2,4,90%,0.9039130434782608,0.02872199054767608,0.20238529775615616,,,,,,,,,460.0,,,,,,
rf2,7679,576,Local CQR (ISJ),RELU,Bin 5,3,5,90%,0.9106290672451193,0.026080934256293514,0.22551556874527204,,,,,,,,,461.0,,,,,,
scm1d,9803,280,Global CQR,RELU,Overall,,,90%,0.9001020061203672,0.0077994484130913195,0.7933338046073913,0.029361790056637405,183.12269656802124,0.6670985102653504,0.4836110591888428,0.866765415843757,0.013755570711622695,0.9537414965986395,0.08697608075488261,,1.0667088270187377,0.053525681815992536,0.5963501453399658,0.03187380386743814,0.0011106169552740177,0.0005325065384079512
scm1d,9803,280,Global CQR,RELU,Bin 1,3,1,90%,0.8758503401360546,0.013774460361439872,0.8329515099525452,,,,,,,,,588.0,,,,,,
scm1d,9803,280,Global CQR,RELU,Bin 2,4,2,90%,0.8770797962648557,0.019464734326609872,1.0537348866462708,,,,,,,,,589.0,,,,,,
scm1d,9803,280,Global CQR,RELU,Bin 3,2,3,90%,0.8863945578231291,0.01765433914606937,0.7430387735366821,,,,,,,,,588.0,,,,,,
scm1d,9803,280,Global CQR,RELU,Bin 4,1,4,90%,0.907482993197279,0.014613980312204651,0.6775115489959717,,,,,,,,,588.0,,,,,,
scm1d,9803,280,Global CQR,RELU,Bin 5,0,5,90%,0.9537414965986395,0.01488070942464444,0.6589894771575928,,,,,,,,,588.0,,,,,,
scm1d,9803,280,Local CQR (Silverman),RELU,Overall,,,90%,0.8974498469908194,0.008619634534275078,0.7949519262022318,0.02539774572194964,183.49261310258132,0.6519707992672921,0.5169156894626565,0.873513853758821,0.013743640720026555,0.9224732337756834,0.04895938001686244,,1.059322311067356,0.04172869957389337,0.5845438827934607,0.02910728630100206,0.00037762394424581175,8.087128417773831e-05
scm1d,9803,280,Local CQR (Silverman),RELU,Bin 1,2,1,90%,0.8816326530612246,0.015683186235916333,0.7508785597954681,,,,,,,,,588.0,,,,,,
scm1d,9803,280,Local CQR (Silverman),RELU,Bin 2,3,2,90%,0.8928571428571429,0.014590211285392661,0.8660838297010736,,,,,,,,,588.0,,,,,,
scm1d,9803,280,Local CQR (Silverman),RELU,Bin 3,4,3,90%,0.896434634974533,0.02236966939490745,1.1149525755667937,,,,,,,,,589.0,,,,,,
scm1d,9803,280,Local CQR (Silverman),RELU,Bin 4,1,4,90%,0.9003401360544219,0.011664236870396099,0.6707889470696247,,,,,,,,,588.0,,,,,,
scm1d,9803,280,Local CQR (Silverman),RELU,Bin 5,0,5,90%,0.915986394557823,0.011664236870396106,0.5715115000867621,,,,,,,,,588.0,,,,,,
scm1d,9803,280,Local CQR (Scott),RELU,Overall,,,90%,0.8975858551513092,0.009040707042693977,0.794977526732578,0.025470704701050784,183.49830020679957,0.6523633390665055,0.516810468888499,0.8731737177043992,0.014118436082650194,0.9217935391474077,0.04861982144300845,,1.0606789037545998,0.04234375681338446,0.5839226453942545,0.029725544153010246,0.00037990025128256937,8.692762670935912e-05
scm1d,9803,280,Local CQR (Scott),RELU,Bin 1,2,1,90%,0.8812925170068027,0.016607558660862182,0.750963468069122,,,,,,,,,588.0,,,,,,
scm1d,9803,280,Local CQR (Scott),RELU,Bin 2,3,2,90%,0.8938775510204081,0.01575678207061287,0.8664145802540488,,,,,,,,,588.0,,,,,,
scm1d,9803,280,Local CQR (Scott),RELU,Bin 3,4,3,90%,0.896774193548387,0.02135172824755516,1.1142828983831292,,,,,,,,,589.0,,,,,,
scm1d,9803,280,Local CQR (Scott),RELU,Bin 4,1,4,90%,0.9006802721088436,0.01195809240220878,0.6710830879404026,,,,,,,,,588.0,,,,,,
scm1d,9803,280,Local CQR (Scott),RELU,Bin 5,0,5,90%,0.9153061224489797,0.011996729311937704,0.5716005626698436,,,,,,,,,588.0,,,,,,
scm1d,9803,280,Local CQR (ISJ),RELU,Overall,,,90%,0.8975858551513092,0.009040707042693977,0.794978187174741,0.02546996149303396,183.49845363410788,0.6523633390665055,0.5168099821304353,0.8731737177043992,0.014118436082650194,0.9217935391474077,0.04861982144300845,,1.0606795641967628,0.04234287675912396,0.5839220278687296,0.029725103876939937,0.00037990025128256937,8.692762670935912e-05
scm1d,9803,280,Local CQR (ISJ),RELU,Bin 1,2,1,90%,0.8812925170068027,0.016607558660862182,0.7509667714031376,,,,,,,,,588.0,,,,,,
scm1d,9803,280,Local CQR (ISJ),RELU,Bin 2,3,2,90%,0.8938775510204081,0.01575678207061287,0.8664145802540488,,,,,,,,,588.0,,,,,,
scm1d,9803,280,Local CQR (ISJ),RELU,Bin 3,4,3,90%,0.896774193548387,0.02135172824755516,1.1142828983831292,,,,,,,,,589.0,,,,,,
scm1d,9803,280,Local CQR (ISJ),RELU,Bin 4,1,4,90%,0.9006802721088436,0.01195809240220878,0.6710830879404026,,,,,,,,,588.0,,,,,,
scm1d,9803,280,Local CQR (ISJ),RELU,Bin 5,0,5,90%,0.9153061224489797,0.011996729311937704,0.5716005626698436,,,,,,,,,588.0,,,,,,
scm20d,8966,61,Global CQR,RELU,Overall,,,90%,0.8971003717472119,0.002272224057983034,1.3641042947769164,0.039695740358364505,301.59558119872133,1.2670048713684081,0.5559389054775238,0.853903345724907,0.03096009340320745,0.9293680297397768,0.0754646840148699,,1.7510486364364624,0.023225756291131123,0.4945142507553101,0.024886808422736894,0.0009423031743618804,0.0009622481724594987
scm20d,8966,61,Global CQR,RELU,Bin 1,4,1,90%,0.8691449814126395,0.042476897716239984,1.394083285331726,,,,,,,,,538.0,,,,,,
scm20d,8966,61,Global CQR,RELU,Bin 2,1,2,90%,0.8925650557620818,0.02191102160340723,1.3714805603027345,,,,,,,,,538.0,,,,,,
scm20d,8966,61,Global CQR,RELU,Bin 3,3,3,90%,0.8951672862453531,0.01879438611117405,1.4082888126373292,,,,,,,,,538.0,,,,,,
scm20d,8966,61,Global CQR,RELU,Bin 4,2,4,90%,0.9066914498141264,0.010863672264834553,1.323193645477295,,,,,,,,,538.0,,,,,,
scm20d,8966,61,Global CQR,RELU,Bin 5,0,5,90%,0.9219330855018587,0.019984654357941434,1.3234753131866455,,,,,,,,,538.0,,,,,,
scm20d,8966,61,Local CQR (Silverman),RELU,Overall,,,90%,0.8963568773234201,0.004555382507669989,1.365274359253841,0.04689476696083594,301.8442274434973,1.2727826910093427,0.5734218588201807,0.8657992565055762,0.018340366369582174,0.9137546468401487,0.04795539033457248,,1.7403004176913306,0.023678826281721084,0.49925197750591027,0.025183326441657366,0.000434018324788215,0.0003430366381283434
scm20d,8966,61,Local CQR (Silverman),RELU,Bin 1,4,1,90%,0.8736059479553904,0.022976263405743404,1.414188838337434,,,,,,,,,538.0,,,,,,
scm20d,8966,61,Local CQR (Silverman),RELU,Bin 2,1,2,90%,0.891078066914498,0.016101418459262242,1.3698540153757404,,,,,,,,,538.0,,,,,,
scm20d,8966,61,Local CQR (Silverman),RELU,Bin 3,2,3,90%,0.9040892193308551,0.010812668826950944,1.339567705480984,,,,,,,,,538.0,,,,,,
scm20d,8966,61,Local CQR (Silverman),RELU,Bin 4,3,4,90%,0.9063197026022305,0.017100371747211907,1.4388093949666032,,,,,,,,,538.0,,,,,,
scm20d,8966,61,Local CQR (Silverman),RELU,Bin 5,0,5,90%,0.9066914498141264,0.009793263845590705,1.2639518421084435,,,,,,,,,538.0,,,,,,
scm20d,8966,61,Local CQR (Scott),RELU,Overall,,,90%,0.8962825278810408,0.0048923966918548965,1.3654407011181824,0.04739111748691124,301.88111119724897,1.2731735285371542,0.5736435114909499,0.8661710037174721,0.018845787145927984,0.9133828996282528,0.04721189591078068,,1.7405645451722633,0.02388878239616815,0.49874290632508184,0.024915552243211323,0.0004317242713616452,0.0003469415973807523
scm20d,8966,61,Local CQR (Scott),RELU,Bin 1,4,1,90%,0.8739776951672862,0.023257237649988168,1.4137937085184729,,,,,,,,,538.0,,,,,,
scm20d,8966,61,Local CQR (Scott),RELU,Bin 2,1,2,90%,0.891078066914498,0.015666399632494787,1.3702829972138026,,,,,,,,,538.0,,,,,,
scm20d,8966,61,Local CQR (Scott),RELU,Bin 3,2,3,90%,0.904460966542751,0.010288737920519002,1.339784119512581,,,,,,,,,538.0,,,,,,
scm20d,8966,61,Local CQR (Scott),RELU,Bin 4,3,4,90%,0.9052044609665428,0.017554972420992687,1.4389026665028366,,,,,,,,,538.0,,,,,,
scm20d,8966,61,Local CQR (Scott),RELU,Bin 5,0,5,90%,0.9066914498141264,0.010475095021267939,1.2644400138432181,,,,,,,,,538.0,,,,,,
scm20d,8966,61,Local CQR (ISJ),RELU,Overall,,,90%,0.8962825278810408,0.0048923966918548965,1.3654407011181824,0.04739111748691124,301.88111119724897,1.2731735285371542,0.5736435114909499,0.8661710037174721,0.018845787145927984,0.9133828996282528,0.04721189591078068,,1.7405645451722633,0.02388878239616815,0.49874290632508184,0.024915552243211323,0.0004317242713616452,0.0003469415973807523
scm20d,8966,61,Local CQR (ISJ),RELU,Bin 1,4,1,90%,0.8739776951672862,0.023257237649988168,1.4137937085184729,,,,,,,,,538.0,,,,,,
scm20d,8966,61,Local CQR (ISJ),RELU,Bin 2,1,2,90%,0.891078066914498,0.015666399632494787,1.3702829972138026,,,,,,,,,538.0,,,,,,
scm20d,8966,61,Local CQR (ISJ),RELU,Bin 3,2,3,90%,0.904460966542751,0.010288737920519002,1.339784119512581,,,,,,,,,538.0,,,,,,
scm20d,8966,61,Local CQR (ISJ),RELU,Bin 4,3,4,90%,0.9052044609665428,0.017554972420992687,1.4389026665028366,,,,,,,,,538.0,,,,,,
scm20d,8966,61,Local CQR (ISJ),RELU,Bin 5,0,5,90%,0.9066914498141264,0.010475095021267939,1.2644400138432181,,,,,,,,,538.0,,,,,,
kin8nm,8192,8,Global CQR,RELU,Overall,,,90%,0.8989422294548415,0.008244204329692653,1.501941180229187,0.034545266952191796,0.3962787245096306,1.4113935947418212,0.6201471447944641,0.877595913433676,0.008323529909479151,0.9177735830311459,0.04017766959746991,,1.8269479990005493,0.04255109503889151,0.5139069020748138,0.022493340675041645,0.00030743521080488017,0.0001885150802138217
kin8nm,8192,8,Global CQR,RELU,Bin 1,4,1,90%,0.8873983739837399,0.011962552007774139,1.5614280700683594,,,,,,,,,492.0,,,,,,
kin8nm,8192,8,Global CQR,RELU,Bin 2,0,2,90%,0.8951219512195122,0.020671840870066845,1.582497811317444,,,,,,,,,492.0,,,,,,
kin8nm,8192,8,Global CQR,RELU,Bin 3,1,3,90%,0.8965376782077392,0.015371048687668616,1.4777258157730102,,,,,,,,,491.0,,,,,,
kin8nm,8192,8,Global CQR,RELU,Bin 4,2,4,90%,0.9073170731707318,0.019222098239897376,1.4561062574386596,,,,,,,,,492.0,,,,,,
kin8nm,8192,8,Global CQR,RELU,Bin 5,3,5,90%,0.9083503054989815,0.006568030752178045,1.4317559242248534,,,,,,,,,491.0,,,,,,
kin8nm,8192,8,Local CQR (Silverman),RELU,Overall,,,90%,0.8991049633848658,0.007112049921370917,1.4969920563900296,0.036326523440760115,0.39497091329144257,1.4042523428797722,0.6409953650445092,0.8791689434205949,0.006132646568018837,0.9128748364876724,0.03370589306707732,,1.8223160716115085,0.03957474782205729,0.5268389904899677,0.026123245420009194,0.0002266715046262796,0.00015753975230095363
kin8nm,8192,8,Local CQR (Silverman),RELU,Bin 1,4,1,90%,0.8918699186991871,0.01173945453511679,1.5698435298462468,,,,,,,,,492.0,,,,,,
kin8nm,8192,8,Local CQR (Silverman),RELU,Bin 2,0,2,90%,0.895528455284553,0.013999329559124052,1.57558816627304,,,,,,,,,492.0,,,,,,
kin8nm,8192,8,Local CQR (Silverman),RELU,Bin 3,1,3,90%,0.8961303462321792,0.020244030370328597,1.4699292697831838,,,,,,,,,491.0,,,,,,
kin8nm,8192,8,Local CQR (Silverman),RELU,Bin 4,3,4,90%,0.9059063136456211,0.010730704580300988,1.420616307073176,,,,,,,,,491.0,,,,,,
kin8nm,8192,8,Local CQR (Silverman),RELU,Bin 5,2,5,90%,0.9060975609756099,0.010072773734442146,1.4487727680478275,,,,,,,,,492.0,,,,,,
kin8nm,8192,8,Local CQR (Scott),RELU,Overall,,,90%,0.8992676973148901,0.006887895015481945,1.4971216957625137,0.03629478859475265,0.3950049568765156,1.4037284672260284,0.6408802862166298,0.8795762753961551,0.006230355338776387,0.9133144569734902,0.03373818157733512,,1.822614687678508,0.039608924293216066,0.526459288172122,0.026268061101810406,0.00021939035766970716,0.00015232365597233388
kin8nm,8192,8,Local CQR (Scott),RELU,Bin 1,4,1,90%,0.8918699186991871,0.011382113821138223,1.5689853829793572,,,,,,,,,492.0,,,,,,
kin8nm,8192,8,Local CQR (Scott),RELU,Bin 2,0,2,90%,0.8951219512195122,0.014291378724591033,1.5764288769429171,,,,,,,,,492.0,,,,,,
kin8nm,8192,8,Local CQR (Scott),RELU,Bin 3,1,3,90%,0.8969450101832994,0.019304269834741792,1.4703105605744173,,,,,,,,,491.0,,,,,,
kin8nm,8192,8,Local CQR (Scott),RELU,Bin 4,2,4,90%,0.9060975609756097,0.010708894205137789,1.448857823551852,,,,,,,,,492.0,,,,,,
kin8nm,8192,8,Local CQR (Scott),RELU,Bin 5,3,5,90%,0.9063136456211811,0.009977554960420304,1.4208162482137472,,,,,,,,,491.0,,,,,,
kin8nm,8192,8,Local CQR (ISJ),RELU,Overall,,,90%,0.8992676973148901,0.006887895015481945,1.4971216957625137,0.03629478859475265,0.3950049568765156,1.4037284672260284,0.6408802862166298,0.8795762753961551,0.006230355338776387,0.9133144569734902,0.03373818157733512,,1.822614687678508,0.039608924293216066,0.526459288172122,0.026268061101810406,0.00021939035766970716,0.00015232365597233388
kin8nm,8192,8,Local CQR (ISJ),RELU,Bin 1,4,1,90%,0.8918699186991871,0.011382113821138223,1.5689853829793572,,,,,,,,,492.0,,,,,,
kin8nm,8192,8,Local CQR (ISJ),RELU,Bin 2,0,2,90%,0.8951219512195122,0.014291378724591033,1.5764288769429171,,,,,,,,,492.0,,,,,,
kin8nm,8192,8,Local CQR (ISJ),RELU,Bin 3,1,3,90%,0.8969450101832994,0.019304269834741792,1.4703105605744173,,,,,,,,,491.0,,,,,,
kin8nm,8192,8,Local CQR (ISJ),RELU,Bin 4,2,4,90%,0.9060975609756097,0.010708894205137789,1.448857823551852,,,,,,,,,492.0,,,,,,
kin8nm,8192,8,Local CQR (ISJ),RELU,Bin 5,3,5,90%,0.9063136456211811,0.009977554960420304,1.4208162482137472,,,,,,,,,491.0,,,,,,
airfoil,1503,5,Global CQR,RELU,Overall,,,90%,0.8980044345898005,0.010305055466627275,1.9938295364379883,0.10401854044149067,13.669879114998807,1.9615650415420531,0.6732470154762268,0.8422222222222222,0.019116278371205834,0.937948717948718,0.09572649572649575,,2.4418986320495604,0.1308819133497592,0.37527878284454347,0.009132630467548484,0.0014456439775121098,0.0007146011743620494
airfoil,1503,5,Global CQR,RELU,Bin 1,2,1,90%,0.8422222222222222,0.019116278371205834,1.9051314115524292,,,,,,,,,90.0,,,,,,
airfoil,1503,5,Global CQR,RELU,Bin 2,4,2,90%,0.9010989010989011,0.018388132451298365,2.873025369644165,,,,,,,,,91.0,,,,,,
airfoil,1503,5,Global CQR,RELU,Bin 3,0,3,90%,0.9022222222222223,0.0301436888138901,1.2760390043258667,,,,,,,,,90.0,,,,,,
airfoil,1503,5,Global CQR,RELU,Bin 4,3,4,90%,0.9177777777777777,0.03340732528527314,2.301111030578613,,,,,,,,,90.0,,,,,,
airfoil,1503,5,Global CQR,RELU,Bin 5,1,5,90%,0.9266666666666667,0.011331154474650622,1.6040722131729126,,,,,,,,,90.0,,,,,,
airfoil,1503,5,Local CQR (Silverman),RELU,Overall,,,90%,0.8891352549889134,0.01011242062172184,1.979049216531474,0.08117759486135247,13.56848373871112,1.9343653261661529,0.6986690853521107,0.8318192918192917,0.030119563480530395,0.9425396825396826,0.11072039072039071,,2.4661346523931003,0.133131013057965,0.37324341360871316,0.01139566767834471,0.0020416207859431305,0.000979577423222589
airfoil,1503,5,Local CQR (Silverman),RELU,Bin 1,2,1,90%,0.8422222222222222,0.03325917677132392,1.9053632578170963,,,,,,,,,90.0,,,,,,
airfoil,1503,5,Local CQR (Silverman),RELU,Bin 2,4,2,90%,0.8857142857142858,0.04744402888994042,2.847696055095274,,,,,,,,,91.0,,,,,,
airfoil,1503,5,Local CQR (Silverman),RELU,Bin 3,0,3,90%,0.888888888888889,0.0337016686402291,1.238384749993561,,,,,,,,,90.0,,,,,,
airfoil,1503,5,Local CQR (Silverman),RELU,Bin 4,1,4,90%,0.9111111111111111,0.01721325931647739,1.6031323923998406,,,,,,,,,90.0,,,,,,
airfoil,1503,5,Local CQR (Silverman),RELU,Bin 5,3,5,90%,0.9177777777777777,0.03624334762288911,2.291017995811999,,,,,,,,,90.0,,,,,,
airfoil,1503,5,Local CQR (Scott),RELU,Overall,,,90%,0.8869179600886918,0.009407185559022806,1.9785051601194845,0.08126351713536939,13.564769880787471,1.9360898077487945,0.6998322446265028,0.827106227106227,0.03306628211324839,0.9425396825396826,0.1154334554334554,,2.469535289324978,0.13445732727023094,0.3729064595480948,0.009497113050974932,0.002293472637794982,0.0011200671845659038
airfoil,1503,5,Local CQR (Scott),RELU,Bin 1,2,1,90%,0.8355555555555556,0.038103173776627204,1.902628970767061,,,,,,,,,90.0,,,,,,
airfoil,1503,5,Local CQR (Scott),RELU,Bin 2,4,2,90%,0.8857142857142858,0.04744402888994042,2.8467006950588014,,,,,,,,,91.0,,,,,,
airfoil,1503,5,Local CQR (Scott),RELU,Bin 3,0,3,90%,0.8866666666666667,0.03399346342395189,1.238300838773328,,,,,,,,,90.0,,,,,,
airfoil,1503,5,Local CQR (Scott),RELU,Bin 4,1,4,90%,0.9111111111111111,0.01859244503409057,1.6034195440014205,,,,,,,,,90.0,,,,,,
airfoil,1503,5,Local CQR (Scott),RELU,Bin 5,3,5,90%,0.9155555555555555,0.036918328279635905,2.2918291349419286,,,,,,,,,90.0,,,,,,
airfoil,1503,5,Local CQR (ISJ),RELU,Overall,,,90%,0.8869179600886918,0.009407185559022806,1.9785051601194845,0.08126351713536939,13.564769880787471,1.9360898077487945,0.6998322446265028,0.827106227106227,0.03306628211324839,0.9425396825396826,0.1154334554334554,,2.469535289324978,0.13445732727023094,0.3729064595480948,0.009497113050974932,0.002293472637794982,0.0011200671845659038
airfoil,1503,5,Local CQR (ISJ),RELU,Bin 1,2,1,90%,0.8355555555555556,0.038103173776627204,1.902628970767061,,,,,,,,,90.0,,,,,,
airfoil,1503,5,Local CQR (ISJ),RELU,Bin 2,4,2,90%,0.8857142857142858,0.04744402888994042,2.8467006950588014,,,,,,,,,91.0,,,,,,
airfoil,1503,5,Local CQR (ISJ),RELU,Bin 3,0,3,90%,0.8866666666666667,0.03399346342395189,1.238300838773328,,,,,,,,,90.0,,,,,,
airfoil,1503,5,Local CQR (ISJ),RELU,Bin 4,1,4,90%,0.9111111111111111,0.01859244503409057,1.6034195440014205,,,,,,,,,90.0,,,,,,
airfoil,1503,5,Local CQR (ISJ),RELU,Bin 5,3,5,90%,0.9155555555555555,0.036918328279635905,2.2918291349419286,,,,,,,,,90.0,,,,,,
wine_quality,1599,11,Global CQR,RELU,Overall,,,90%,0.9029166666666667,0.014942017564200912,2.470376491546631,0.12216696691281849,1.9882901994135715,2.369343328475952,0.7054473042488099,0.8645833333333334,0.01976423537605237,0.9375,0.0729166666666666,,3.3846853733062745,0.18593454801302528,0.16028564274311066,0.024218366358640834,0.0010217013888888875,0.00034112043127083625
wine_quality,1599,11,Global CQR,RELU,Bin 1,4,1,90%,0.8916666666666666,0.030618621784789704,2.9308939933776856,,,,,,,,,96.0,,,,,,
wine_quality,1599,11,Global CQR,RELU,Bin 2,3,2,90%,0.89375,0.028259708263021936,2.247850036621094,,,,,,,,,96.0,,,,,,
wine_quality,1599,11,Global CQR,RELU,Bin 3,0,3,90%,0.8958333333333334,0.023753654689565366,2.7299219131469727,,,,,,,,,96.0,,,,,,
wine_quality,1599,11,Global CQR,RELU,Bin 4,2,4,90%,0.9041666666666666,0.038074306005202195,2.1832650899887085,,,,,,,,,96.0,,,,,,
wine_quality,1599,11,Global CQR,RELU,Bin 5,1,5,90%,0.9291666666666666,0.01909406539564932,2.2599518299102783,,,,,,,,,96.0,,,,,,
wine_quality,1599,11,Local CQR (Silverman),RELU,Overall,,,90%,0.8933333333333333,0.020808318315306298,2.4804268808712564,0.18129876409040438,1.9969896019032398,2.345343816280365,0.837836068042497,0.8520833333333332,0.01792151097300549,0.9333333333333332,0.08125,,3.483378027180623,0.23188901759935743,0.1341401186243015,0.016135430578722687,0.0015659722222222232,0.0007503907241618727
wine_quality,1599,11,Local CQR (Silverman),RELU,Bin 1,3,1,90%,0.8770833333333334,0.029017475577466933,2.255651372593517,,,,,,,,,96.0,,,,,,
wine_quality,1599,11,Local CQR (Silverman),RELU,Bin 2,0,2,90%,0.8895833333333332,0.040397332145136085,2.764359639185067,,,,,,,,,96.0,,,,,,
wine_quality,1599,11,Local CQR (Silverman),RELU,Bin 3,4,3,90%,0.8895833333333332,0.019320038532282736,2.9864108383867682,,,,,,,,,96.0,,,,,,
wine_quality,1599,11,Local CQR (Silverman),RELU,Bin 4,2,4,90%,0.89375,0.04439015781804692,2.1190478837117555,,,,,,,,,96.0,,,,,,
wine_quality,1599,11,Local CQR (Silverman),RELU,Bin 5,1,5,90%,0.9166666666666666,0.04419417382415921,2.2766646704791738,,,,,,,,,96.0,,,,,,
wine_quality,1599,11,Local CQR (Scott),RELU,Overall,,,90%,0.8929166666666667,0.020522683926707926,2.4800216874778274,0.18118731049196962,1.9966180654718748,2.3501706957817077,0.8406657389617138,0.8520833333333332,0.01792151097300549,0.9333333333333332,0.08125,,3.498154182508381,0.24265630799180204,0.1269387906771233,0.019969842749465127,0.0015824652777777788,0.0007336820755755412
wine_quality,1599,11,Local CQR (Scott),RELU,Bin 1,3,1,90%,0.8770833333333334,0.029017475577466933,2.257846285449341,,,,,,,,,96.0,,,,,,
wine_quality,1599,11,Local CQR (Scott),RELU,Bin 2,4,2,90%,0.8875,0.020198666072568053,2.9888556018683854,,,,,,,,,96.0,,,,,,
wine_quality,1599,11,Local CQR (Scott),RELU,Bin 3,0,3,90%,0.8895833333333332,0.040397332145136085,2.7657790440791805,,,,,,,,,96.0,,,,,,
wine_quality,1599,11,Local CQR (Scott),RELU,Bin 4,2,4,90%,0.89375,0.04439015781804692,2.119217202501992,,,,,,,,,96.0,,,,,,
wine_quality,1599,11,Local CQR (Scott),RELU,Bin 5,1,5,90%,0.9166666666666666,0.04419417382415921,2.2684103034902368,,,,,,,,,96.0,,,,,,
wine_quality,1599,11,Local CQR (ISJ),RELU,Overall,,,90%,0.8929166666666667,0.020522683926707926,2.4800216874778274,0.18118731049196962,1.9966180654718748,2.3501706957817077,0.8406657389617138,0.8520833333333332,0.01792151097300549,0.9333333333333332,0.08125,,3.498154182508381,0.24265630799180204,0.1269387906771233,0.019969842749465127,0.0015824652777777788,0.0007336820755755412
wine_quality,1599,11,Local CQR (ISJ),RELU,Bin 1,3,1,90%,0.8770833333333334,0.029017475577466933,2.257846285449341,,,,,,,,,96.0,,,,,,
wine_quality,1599,11,Local CQR (ISJ),RELU,Bin 2,4,2,90%,0.8875,0.020198666072568053,2.9888556018683854,,,,,,,,,96.0,,,,,,
wine_quality,1599,11,Local CQR (ISJ),RELU,Bin 3,0,3,90%,0.8895833333333332,0.040397332145136085,2.7657790440791805,,,,,,,,,96.0,,,,,,
wine_quality,1599,11,Local CQR (ISJ),RELU,Bin 4,2,4,90%,0.89375,0.04439015781804692,2.119217202501992,,,,,,,,,96.0,,,,,,
wine_quality,1599,11,Local CQR (ISJ),RELU,Bin 5,1,5,90%,0.9166666666666666,0.04419417382415921,2.2684103034902368,,,,,,,,,96.0,,,,,,
