Dataset,n,d,Method,Bin,Bin ID,Bin Rank,Target Coverage,Coverage (mean),Coverage (std),Avg Width (mean),Avg Width (std),Avg Width (orig),Median Width,Width Std,Worst-Bin Cov (mean),Worst-Bin Cov (std),Best-Bin Cov,Cov Range,Bin Count (mean)
california_housing,20640,8,Global CQR,Overall,,,90%,0.9044250645994831,0.006642605006317594,4.172614002227784,7.181435134736833,4.81566951434119,1.3173678636550903,163.65284111499787,0.8832661834482705,0.01399156415474987,0.9211158355075554,0.037849652059284845,
california_housing,20640,8,Global CQR,Bin 1,4,1,90%,0.8986279257465697,0.022437449556093638,15.007934653759003,,,,,,,,,1239.0
california_housing,20640,8,Global CQR,Bin 2,0,2,90%,0.9031476997578693,0.014670628271188682,1.6028876662254334,,,,,,,,,1239.0
california_housing,20640,8,Global CQR,Bin 3,1,3,90%,0.9050080775444265,0.011949306704508784,1.3874929547309875,,,,,,,,,1238.0
california_housing,20640,8,Global CQR,Bin 4,3,4,90%,0.9067043618739904,0.016602252418796246,1.3530853390693665,,,,,,,,,1238.0
california_housing,20640,8,Global CQR,Bin 5,2,5,90%,0.9086429725363491,0.008475265093774616,1.5049920082092285,,,,,,,,,1238.0
california_housing,20640,8,Localized CQR,Overall,,,90%,0.8936046511627908,0.006438028054929835,4.147454753268785,7.181906239370117,4.786677842053572,1.295098846592009,163.67412264393712,0.8767272841066001,0.0112196969322302,0.9077685245670788,0.03104124046047868,
california_housing,20640,8,Localized CQR,Bin 1,4,1,90%,0.880225988700565,0.01520354902643384,14.9699932695131,,,,,,,,,1239.0
california_housing,20640,8,Localized CQR,Bin 2,3,2,90%,0.8932148626817448,0.014394356415404427,1.3175722476378193,,,,,,,,,1238.0
california_housing,20640,8,Localized CQR,Bin 3,2,3,90%,0.8977382875605816,0.006798586563005094,1.4703102665628165,,,,,,,,,1238.0
california_housing,20640,8,Localized CQR,Bin 4,1,4,90%,0.8978190630048465,0.008828205467284782,1.3752936488215288,,,,,,,,,1238.0
california_housing,20640,8,Localized CQR,Bin 5,0,5,90%,0.8990314769975786,0.010569345477295279,1.5974221803810742,,,,,,,,,1239.0
concrete,1030,8,Global CQR,Overall,,,90%,0.8990291262135923,0.015026778985429003,1.8279717087745666,0.12752927631660052,30.513840258943418,1.727972149848938,0.7217197418212891,0.8349550502379692,0.031348589204629754,0.9483342147012163,0.11337916446324696,
concrete,1030,8,Global CQR,Bin 1,1,1,90%,0.8661290322580644,0.04390534706069741,1.8118472218513488,,,,,,,,,62.0
concrete,1030,8,Global CQR,Bin 2,2,2,90%,0.8967213114754097,0.040852248506154466,1.7989120602607727,,,,,,,,,61.0
concrete,1030,8,Global CQR,Bin 3,0,3,90%,0.8999999999999998,0.05290715957050557,1.8652071833610535,,,,,,,,,62.0
concrete,1030,8,Global CQR,Bin 4,3,4,90%,0.914516129032258,0.03537372935396985,1.7747238636016847,,,,,,,,,62.0
concrete,1030,8,Global CQR,Bin 5,4,5,90%,0.917741935483871,0.04809048876088895,1.8886995315551758,,,,,,,,,62.0
concrete,1030,8,Localized CQR,Overall,,,90%,0.8650485436893204,0.019093851132686093,1.671540671731059,0.1151515923954839,27.90219769599521,1.588434562832117,0.7533201953020392,0.810364886303543,0.025207281700690923,0.9172924378635644,0.10692755156002112,
concrete,1030,8,Localized CQR,Bin 1,1,1,90%,0.8419354838709676,0.04934535013154308,1.6941336619607625,,,,,,,,,62.0
concrete,1030,8,Localized CQR,Bin 2,2,2,90%,0.8590163934426229,0.04648343238936992,1.626912622153759,,,,,,,,,61.0
concrete,1030,8,Localized CQR,Bin 3,3,3,90%,0.8612903225806452,0.03398597984791205,1.5255281946832133,,,,,,,,,62.0
concrete,1030,8,Localized CQR,Bin 4,4,4,90%,0.8741935483870968,0.031275353918814995,1.7071759674818285,,,,,,,,,62.0
concrete,1030,8,Localized CQR,Bin 5,0,5,90%,0.8887096774193548,0.042336789510989306,1.803233105124485,,,,,,,,,62.0
bio,45730,9,Global CQR,Overall,,,90%,0.9009548800933012,0.004210183058742586,2.145273971557617,0.03565795916200698,13.123897582041405,2.2976219415664674,0.6624410927295685,0.8729186484760041,0.0184183872780541,0.9243319996088639,0.05141335113285979,
bio,45730,9,Global CQR,Bin 1,4,1,90%,0.8933673469387756,0.029869690385511845,1.9592910647392272,,,,,,,,,2744.0
bio,45730,9,Global CQR,Bin 2,0,2,90%,0.9009811749813201,0.026097635199988558,2.0723291873931884,,,,,,,,,2743.9
bio,45730,9,Global CQR,Bin 3,3,3,90%,0.9009839650145773,0.01375896587771613,2.1352478146553038,,,,,,,,,2744.0
bio,45730,9,Global CQR,Bin 4,1,4,90%,0.9016391023093719,0.01621450722428195,2.331737685203552,,,,,,,,,2744.0
bio,45730,9,Global CQR,Bin 5,2,5,90%,0.9078055431849318,0.010220052245558999,2.2277915477752686,,,,,,,,,2743.1
bio,45730,9,Localized CQR,Overall,,,90%,0.8981995772286611,0.004001769314335155,2.128501746290904,0.03438458524504841,13.021284013645948,2.2837365210056304,0.6689690014737852,0.88574650395547,0.006825243773930686,0.9086267562595062,0.02288025230403603,
bio,45730,9,Localized CQR,Bin 1,4,1,90%,0.891217201166181,0.008792169250989067,1.9251861438442988,,,,,,,,,2744.0
bio,45730,9,Localized CQR,Bin 2,1,2,90%,0.8971205235086466,0.008837187203571704,2.320400809572081,,,,,,,,,2744.0
bio,45730,9,Localized CQR,Bin 3,0,3,90%,0.898939455215449,0.012302599847925724,2.057902395604575,,,,,,,,,2743.9
bio,45730,9,Localized CQR,Bin 4,3,4,90%,0.8996355685131195,0.003152700984530926,2.1226109870432524,,,,,,,,,2744.0
bio,45730,9,Localized CQR,Bin 5,2,5,90%,0.9040867344281601,0.005494100094280046,2.2164360800137453,,,,,,,,,2743.1
community,1994,100,Global CQR,Overall,,,90%,0.9118530884808014,0.01156146223250804,2.0558956265449524,0.10628475804456082,0.4681471184737046,1.8235710978507995,0.7983107089996337,0.8241666666666665,0.026206975322527318,0.975,0.15083333333333332,
community,1994,100,Global CQR,Bin 1,0,1,90%,0.845,0.05567764362830023,2.699818968772888,,,,,,,,,120.0
community,1994,100,Global CQR,Bin 2,1,2,90%,0.8825,0.03772156765918759,2.145753824710846,,,,,,,,,120.0
community,1994,100,Global CQR,Bin 3,2,3,90%,0.926890756302521,0.026050420168067242,1.9015386819839477,,,,,,,,,119.0
community,1994,100,Global CQR,Bin 4,4,4,90%,0.95,0.0532290647422377,1.7944294929504394,,,,,,,,,120.0
community,1994,100,Global CQR,Bin 5,3,5,90%,0.9550000000000001,0.026666666666666655,1.736650776863098,,,,,,,,,120.0
community,1994,100,Localized CQR,Overall,,,90%,0.9005008347245409,0.01636060100166945,1.9988681542617155,0.07765969065777012,0.4552156162468452,1.6543810108676553,1.1370164565588294,0.8608333333333335,0.026887109674836134,0.9331512605042016,0.07231792717086835,
community,1994,100,Localized CQR,Bin 1,1,1,90%,0.89,0.028819360776317634,2.219281185994235,,,,,,,,,120.0
community,1994,100,Localized CQR,Bin 2,0,2,90%,0.8975,0.04014729823481969,3.1241039584809913,,,,,,,,,120.0
community,1994,100,Localized CQR,Bin 3,3,3,90%,0.9008333333333335,0.024846752526459282,1.4390621515735984,,,,,,,,,120.0
community,1994,100,Localized CQR,Bin 4,4,4,90%,0.9041666666666668,0.03440970470343764,1.4398991755753134,,,,,,,,,120.0
community,1994,100,Localized CQR,Bin 5,2,5,90%,0.9100840336134454,0.026587045411019108,1.7700877967047965,,,,,,,,,119.0
blog_data,52397,280,Global CQR,Overall,,,90%,0.8996692111959286,0.002110157421360361,107.07124937772751,227.61793824117754,4184.74383559653,0.058305782824754716,12096.845853161813,0.8381679389312977,0.008871480381045373,0.9473918575063613,0.10922391857506364,
blog_data,52397,280,Global CQR,Bin 1,4,1,90%,0.8381679389312977,0.008871480381045373,534.5457866191864,,,,,,,,,3144.0
blog_data,52397,280,Global CQR,Bin 2,3,2,90%,0.8826335877862596,0.009136862142121996,0.3504093259572983,,,,,,,,,3144.0
blog_data,52397,280,Global CQR,Bin 3,2,3,90%,0.9020356234096691,0.006620056356614615,0.18166878446936607,,,,,,,,,3144.0
blog_data,52397,280,Global CQR,Bin 4,1,4,90%,0.9287213740458015,0.008620062332877357,0.1539536841213703,,,,,,,,,3144.0
blog_data,52397,280,Global CQR,Bin 5,0,5,90%,0.9467875318066158,0.007894258507285342,0.12442191876471043,,,,,,,,,3144.0
blog_data,52397,280,Localized CQR,Overall,,,90%,0.8501526717557253,0.008400955169316451,107.14874661807877,227.60376957760818,4187.644658376698,0.05073900893330574,12097.171338743825,0.7787531806615776,0.04489291711343507,0.9078880407124682,0.1291348600508906,
blog_data,52397,280,Localized CQR,Bin 1,4,1,90%,0.7787531806615776,0.04489291711343507,534.8682461088997,,,,,,,,,3144.0
blog_data,52397,280,Localized CQR,Bin 2,3,2,90%,0.8278944020356234,0.027584038826605598,0.4166635878028133,,,,,,,,,3144.0
blog_data,52397,280,Localized CQR,Bin 3,2,3,90%,0.8546437659033078,0.02007599724943955,0.18991954133328318,,,,,,,,,3144.0
blog_data,52397,280,Localized CQR,Bin 4,1,4,90%,0.8819338422391857,0.017053685882814865,0.15225077229070613,,,,,,,,,3144.0
blog_data,52397,280,Localized CQR,Bin 5,0,5,90%,0.9075381679389313,0.026003362511962426,0.11665308006734013,,,,,,,,,3144.0
rf1,9005,64,Global CQR,Overall,,,90%,0.9002590673575128,0.00710208773589766,9.932365670800209,15.616956727246173,608.3161597735815,0.27832360118627547,467.84159148037435,0.776356883685904,0.07779883561379493,0.9762976655028412,0.19994078181693706,
rf1,9005,64,Global CQR,Bin 1,0,1,90%,0.8460258780036968,0.13020879047130424,0.27863200306892394,,,,,,,,,541.0
rf1,9005,64,Global CQR,Bin 2,1,2,90%,0.8985185185185186,0.07063206700139031,0.2745905205607414,,,,,,,,,540.0
rf1,9005,64,Global CQR,Bin 3,2,3,90%,0.9092592592592593,0.05085685551709248,0.29613852202892305,,,,,,,,,540.0
rf1,9005,64,Global CQR,Bin 4,4,4,90%,0.910351201478743,0.04233063465026221,48.414084422588346,,,,,,,,,541.0
rf1,9005,64,Global CQR,Bin 5,3,5,90%,0.9372222222222222,0.059285005980908675,0.3449953466653824,,,,,,,,,540.0
rf1,9005,64,Localized CQR,Overall,,,90%,0.9152109548482604,0.00843048006654574,9.922227135084814,15.613480951819733,607.6969861040337,0.26961881425231693,467.83921562515445,0.8457082220853016,0.022161199772761486,0.9652005887588142,0.11949236667351268,
rf1,9005,64,Localized CQR,Bin 1,0,1,90%,0.9033271719038819,0.070942351944241,0.2836880038969233,,,,,,,,,541.0
rf1,9005,64,Localized CQR,Bin 2,2,2,90%,0.908148148148148,0.04036187474318602,0.2887703953981745,,,,,,,,,540.0
rf1,9005,64,Localized CQR,Bin 3,1,3,90%,0.9194444444444445,0.04483049924494975,0.27669064663281595,,,,,,,,,540.0
rf1,9005,64,Localized CQR,Bin 4,4,4,90%,0.9195933456561922,0.02189042381206472,48.386428481678514,,,,,,,,,541.0
rf1,9005,64,Localized CQR,Bin 5,3,5,90%,0.9255555555555555,0.024438832127886823,0.32217729186320126,,,,,,,,,540.0
rf2,7679,576,Global CQR,Overall,,,90%,0.8989583333333334,0.009136877496275425,0.46709631085395814,0.03719302065268615,27.494521356439712,0.25967912971973417,0.6730635225772857,0.8518122229557672,0.022414647416891458,0.9403140620579082,0.0885018391021409,
rf2,7679,576,Global CQR,Bin 1,4,1,90%,0.8824295010845986,0.03866773094170446,1.019754695892334,,,,,,,,,461.0
rf2,7679,576,Global CQR,Bin 2,3,2,90%,0.8828633405639913,0.02352354310060903,0.41191973388195036,,,,,,,,,461.0
rf2,7679,576,Global CQR,Bin 3,0,3,90%,0.8978308026030369,0.03886981420003869,0.34868891537189484,,,,,,,,,461.0
rf2,7679,576,Global CQR,Bin 4,2,4,90%,0.9128260869565217,0.024196931486941558,0.3020858258008957,,,,,,,,,460.0
rf2,7679,576,Global CQR,Bin 5,1,5,90%,0.9188720173535792,0.03613130206274536,0.25267445743083955,,,,,,,,,461.0
rf2,7679,576,Localized CQR,Overall,,,90%,0.8448784722222223,0.009798267204965749,0.3581471684074156,0.028376053327434172,21.080483604039227,0.23088306291028857,0.4512363947983312,0.7071583514099783,0.03298321528633097,0.9240016976327455,0.21684334622276716,
rf2,7679,576,Localized CQR,Bin 1,4,1,90%,0.7071583514099783,0.03298321528633097,0.6059723834855782,,,,,,,,,461.0
rf2,7679,576,Localized CQR,Bin 2,3,2,90%,0.8383947939262472,0.028912236020291752,0.3488629809412308,,,,,,,,,461.0
rf2,7679,576,Localized CQR,Bin 3,0,3,90%,0.8832971800433841,0.03466374725455651,0.32246304728742786,,,,,,,,,461.0
rf2,7679,576,Localized CQR,Bin 4,2,4,90%,0.8902173913043478,0.03141661631554767,0.2781299615670856,,,,,,,,,460.0
rf2,7679,576,Localized CQR,Bin 5,1,5,90%,0.9054229934924077,0.027304327943704215,0.23513389563896547,,,,,,,,,461.0
scm1d,9803,280,Global CQR,Overall,,,90%,0.8960897653859232,0.006101826918306744,0.8416232407093048,0.029751984209751763,193.95774837125836,0.6946998953819274,0.9145882725715637,0.8353140916808149,0.032105797361148554,0.9522108843537417,0.11689679267292656,
scm1d,9803,280,Global CQR,Bin 1,4,1,90%,0.8353140916808149,0.032105797361148554,1.195208692550659,,,,,,,,,589.0
scm1d,9803,280,Global CQR,Bin 2,3,2,90%,0.8746598639455782,0.015307067242193611,0.8131615936756134,,,,,,,,,588.0
scm1d,9803,280,Global CQR,Bin 3,2,3,90%,0.895238095238095,0.012339018467494578,0.7654444336891174,,,,,,,,,588.0
scm1d,9803,280,Global CQR,Bin 4,1,4,90%,0.9273809523809524,0.017723830202983418,0.7134826242923736,,,,,,,,,588.0
scm1d,9803,280,Global CQR,Bin 5,0,5,90%,0.9479591836734695,0.016227021009355865,0.7202175259590149,,,,,,,,,588.0
scm1d,9803,280,Localized CQR,Overall,,,90%,0.8905474328459707,0.0052948284319747465,0.8215808508728678,0.029475265052040168,189.34141942812167,0.6533263523131609,0.9393758015669217,0.8630455747664092,0.017365115298286073,0.9219387755102041,0.05889320074379495,
scm1d,9803,280,Localized CQR,Bin 1,4,1,90%,0.8713073005093379,0.018408334354403796,1.2830656057170313,,,,,,,,,589.0
scm1d,9803,280,Localized CQR,Bin 2,2,2,90%,0.8814625850340135,0.014250239400349833,0.7294026485789997,,,,,,,,,588.0
scm1d,9803,280,Localized CQR,Bin 3,3,3,90%,0.8821428571428573,0.015936562947983166,0.8296591318389843,,,,,,,,,588.0
scm1d,9803,280,Localized CQR,Bin 4,1,4,90%,0.9028911564625849,0.017844180588593522,0.644487370516282,,,,,,,,,588.0
scm1d,9803,280,Localized CQR,Bin 5,0,5,90%,0.9149659863945578,0.018174217697132723,0.6205046596945989,,,,,,,,,588.0
scm20d,8966,61,Global CQR,Overall,,,90%,0.9010037174721189,0.005438319935798685,1.1230652332305908,0.04220702814313945,249.11422535412234,1.0028753101825714,0.5221076041460038,0.8585501858736059,0.0215717511069515,0.9366171003717472,0.07806691449814124,
scm20d,8966,61,Global CQR,Bin 1,4,1,90%,0.862639405204461,0.029593623211611658,1.1933101058006286,,,,,,,,,538.0
scm20d,8966,61,Global CQR,Bin 2,3,2,90%,0.8931226765799256,0.015755460838498752,1.1463546752929688,,,,,,,,,538.0
scm20d,8966,61,Global CQR,Bin 3,2,3,90%,0.9072490706319701,0.016675877187625934,1.0610505580902099,,,,,,,,,538.0
scm20d,8966,61,Global CQR,Bin 4,1,4,90%,0.9118959107806692,0.013814798643912286,1.099053418636322,,,,,,,,,538.0
scm20d,8966,61,Global CQR,Bin 5,0,5,90%,0.9301115241635687,0.01546664986075443,1.115557473897934,,,,,,,,,538.0
scm20d,8966,61,Localized CQR,Overall,,,90%,0.8994795539033458,0.007889803643562706,1.1188981511014544,0.04474535724238654,248.17328843120126,0.9824376683682203,0.5694248414920182,0.882899628252788,0.009514114417895694,0.9172862453531601,0.034386617100371775,
scm20d,8966,61,Localized CQR,Bin 1,4,1,90%,0.8907063197026022,0.01578941307181808,1.3040959391282478,,,,,,,,,538.0
scm20d,8966,61,Localized CQR,Bin 2,1,2,90%,0.8972118959107807,0.013404825079630329,1.0437977507537348,,,,,,,,,538.0
scm20d,8966,61,Localized CQR,Bin 3,3,3,90%,0.8973977695167287,0.008945137111907784,1.1799280442927573,,,,,,,,,538.0
scm20d,8966,61,Localized CQR,Bin 4,2,4,90%,0.9044609665427508,0.015577938170823017,1.034355991020051,,,,,,,,,538.0
scm20d,8966,61,Localized CQR,Bin 5,0,5,90%,0.9076208178438663,0.015009797199421877,1.032313030312482,,,,,,,,,538.0
