regime,method,coverage_mean,coverage_std,width_mean,width_std,width_ratio_mean,width_ratio_std,cov_range_mean,cov_range_std,worst_cov_mean,worst_cov_std,cov_gap_mean,cov_gap_std,target_coverage,coverage_abs_gap_mean
A1,Global,0.9056200000000001,0.008045122746111447,3.3724430561065675,0.06336378266625012,1.025149895842752,0.019261226568774898,0.04369999999999999,0.013106826041757351,0.8819000000000001,0.01349444330085536,0.01525999999999999,0.003767757954009253,0.9,0.005620000000000069
A1,Local,0.9036799999999999,0.0065293865629849806,3.3541384613666674,0.059523902188881636,1.0195856963829473,0.01809398149888916,0.0395,0.011520513105856969,0.8832000000000001,0.012488216668346055,0.0132,0.004153713198252057,0.9,0.0036799999999999056
B1,Global,0.9017799999999999,0.004283767811946281,3.337879252433777,0.0693531449132789,1.2900124868364338,0.02619891695957058,0.053599999999999995,0.01718009183780911,0.8721,0.01079557522526914,0.01661999999999999,0.005613040372402651,0.9,0.0017799999999998928
B1,Local,0.9083399999999999,0.003276922675655025,3.357048488866954,0.09355896992710966,1.1910822011109257,0.03526755671502788,0.0386,0.016581113754308947,0.8881,0.012178761111961362,0.01454,0.004586017395906339,0.9,0.008339999999999903
B2,Global,0.90398,0.006671631484627019,3.996667575836182,0.08207878291213075,1.0250624536993196,0.01726136434197409,0.04689999999999999,0.010867382389517713,0.8817999999999999,0.008791409948858539,0.01485999999999999,0.003209776731591568,0.9,0.0039799999999999836
B2,Local,0.9038,0.006379829325477493,4.04319753662857,0.09678287831519282,1.0213941463923064,0.016982424274247326,0.034699999999999995,0.012605554331325534,0.8861000000000001,0.012844800071970343,0.01236,0.003948332981567453,0.9,0.0038000000000000256
B3,Global,0.90404,0.006788094152427618,3.337079167366028,0.056058265740002965,1.0538724248828446,0.025621120862976906,0.05319999999999998,0.01652472894381828,0.8775000000000001,0.01284306989953901,0.01663999999999999,0.004802591892810477,0.9,0.0040399999999999325
B3,Local,0.9041600000000001,0.00636364675323826,3.380741282496671,0.06615701083569438,1.0405785293054102,0.02633242836505489,0.0383,0.011363195951061576,0.884,0.013490737563232066,0.01316,0.0031479093591355732,0.9,0.0041600000000000525
B4,Global,0.9041,0.006380700066084693,1.4207112550735475,0.028359537954915182,1.061863718763376,0.05343079623621038,0.060499999999999984,0.03451006294466069,0.8722,0.020584784024452022,0.02042,0.009719373550914803,0.9,0.0040999999999999925
B4,Local,0.90384,0.005978331242449259,1.4389449894699835,0.04886482416447667,1.048680559837403,0.049953364941635076,0.038900000000000004,0.014153523314787109,0.8839,0.014051097228805067,0.013440000000000002,0.003329063932499145,0.9,0.0038399999999999546
B5,Global,0.90472,0.00556353205157379,3.3447237968444825,0.08888095843589804,1.0560770432049735,0.07665282755004643,0.04549999999999997,0.022545016694998837,0.8831,0.017470292244582276,0.01427999999999997,0.004737744423480641,0.9,0.0047199999999999465
B5,Local,0.90342,0.007030378526240391,3.3391929822827984,0.08201854886260418,1.049497988786953,0.07024103191881999,0.0393,0.014430292212333516,0.8827999999999999,0.015295605759679974,0.01338,0.00461345857248117,0.9,0.0034199999999999786
B6,Global,0.9039400000000001,0.006680019960050024,4.4421553134918215,0.08286717340925934,1.0241424621569633,0.017336826757344496,0.04469999999999997,0.0092261705068908,0.8839,0.008900062421753643,0.01429999999999997,0.003009983388658463,0.9,0.003940000000000055
B6,Local,0.90396,0.007129781046973154,4.46793758676991,0.08996578040153409,1.020511399784778,0.01758674857253398,0.0391,0.011249197502241856,0.8845000000000001,0.014198982749165916,0.01296,0.0037473546224859305,0.9,0.0039599999999999635
C1,Global,0.90466,0.0069551260073256755,2.605088138580322,0.045904969932084316,1.0241264013098441,0.016768504462688297,0.04129999999999999,0.011935474668213042,0.885,0.011440668201153695,0.014099999999999991,0.003212821536005729,0.9,0.0046599999999999975
C1,Local,0.90256,0.008016538460513293,2.6008761679213737,0.0541178284207725,1.018573549176239,0.01872438921421504,0.0369,0.00981438853022552,0.8836999999999999,0.012481541927538014,0.0128,0.0036380703065712677,0.9,0.0025600000000000067
C2,Global,0.9017200000000001,0.00635623927946218,3.6633360624313354,0.0514017695567623,1.0121001272418764,0.015409961895610868,0.0318,0.011043348928452617,0.8853,0.01119573331427846,0.01072,0.004013532663931421,0.9,0.0017200000000000548
C2,Local,0.90008,0.00611824230387202,3.6587172963217873,0.0485277267952693,1.0102825545801313,0.014242056486703935,0.0259,0.008974655672751153,0.8869,0.007964504588066568,0.00916,0.002812353699898598,0.9,7.999999999996898e-05
C3,Global,0.89862,0.007722665055248436,3.7579787492752077,0.0623449936762214,1.0070184731504335,0.019405074983326467,0.0369,0.012178761111961357,0.8791,0.00782375300678076,0.014299999999999998,0.0038646546489376713,0.9,0.0013800000000000479
C3,Local,0.89704,0.0071819526902120725,3.756456226588302,0.07744084962487498,1.0048998239728912,0.018539160775705554,0.046,0.015748015748023623,0.8737999999999999,0.01719043661781489,0.013919999999999998,0.004477300774152013,0.9,0.0029600000000000737
C4,Global,0.8987,0.007450130498484186,4.54297022819519,0.08720959489269835,1.0119708347060627,0.0286462287990041,0.04189999999999998,0.014828276291524134,0.8792,0.003994440581052068,0.014659999999999989,0.004491028093135602,0.9,0.0012999999999999678
C4,Local,0.8902599999999999,0.00507722583919815,4.52104139591996,0.07921860928349797,0.9974774892839603,0.02314930058093299,0.033499999999999995,0.012660086009888629,0.8746,0.010101705026600414,0.014299999999999998,0.004836206042848969,0.9,0.009740000000000082
C5,Global,0.89702,0.005848038607563709,3.095246458053589,0.0653001610925799,1.0032207280984324,0.019810136586881456,0.0487,0.011738351199759226,0.8721,0.005506561742341794,0.016220000000000002,0.0036508142166432464,0.9,0.0029799999999999827
C5,Local,0.89442,0.006893765299167084,3.0795654167528594,0.06501843783538143,0.9974030903168414,0.022328138670697936,0.0412,0.011811482172492624,0.8734999999999999,0.012285944995988072,0.0155,0.004226109321823087,0.9,0.005580000000000029
D1,Global,0.9016400000000001,0.006915875456754054,2.499817705154419,0.05293081302195049,1.0154116914387559,0.020433657319386622,0.04129999999999999,0.01034998658077497,0.8800000000000001,0.005868938953886338,0.013839999999999991,0.0027289395579805347,0.9,0.0016400000000000858
D1,Local,0.8993800000000001,0.00630587028093666,2.496814032261458,0.0481550056948392,1.008449406533352,0.014542231017916116,0.025500000000000002,0.01051189802081432,0.8865000000000001,0.008031189202104496,0.00974,0.002600940001016726,0.9,0.0006199999999999539
D2,Global,0.90504,0.006473055263509237,7.444680023193359,0.10950313182058148,1.0249907675745529,0.017029655565297012,0.03909999999999999,0.010104454463255287,0.8863,0.010499206319209736,0.01363999999999999,0.00349831705570296,0.9,0.005039999999999933
D2,Local,0.90266,0.007609964228270432,7.424678717985091,0.11895066047781444,1.0199550942272038,0.019264958857363176,0.0373,0.011804424782446811,0.8833,0.01468975455509347,0.013139999999999999,0.004812068162443254,0.9,0.0026599999999999957
D3,Global,0.8964000000000001,0.007587709360098938,6.174687147140503,0.22828017707072631,1.0368902511444342,0.027314817992126924,0.06009999999999999,0.014880636187116896,0.8657,0.014651886492113478,0.01971999999999999,0.00395440682445968,0.9,0.0035999999999999366
D3,Local,0.89578,0.008270133681574377,6.254771859165702,0.18448020376669824,1.027530221532353,0.02920357950439182,0.0451,0.015637916883154367,0.8721,0.014820781205980859,0.01582,0.005436052489322254,0.9,0.0042200000000000015
D4,Global,0.9051199999999999,0.007286639219222474,3.3667961597442626,0.0510339829030583,1.03272951925321,0.016339855787429032,0.04189999999999998,0.01360922889480189,0.8846,0.013091133555875817,0.01471999999999998,0.0034835486376841402,0.9,0.005119999999999902
D4,Local,0.90344,0.00682205573448683,3.371381322009337,0.05593379612375893,1.0243420684586495,0.01727399446826806,0.040100000000000004,0.013900039967968117,0.8829,0.015416081069959252,0.01424,0.004247666025791889,0.9,0.0034399999999999986
E1,Global,0.89724,0.004964585693802763,4.764241075515747,0.048659757056745974,1.0122195600730461,0.010338367960808793,0.035199999999999995,0.008107609594284453,0.8795999999999999,0.00863069457743054,0.0124,0.0029499529186450117,0.9,0.0027599999999999847
E1,Local,0.8942,0.004876246279442633,4.747277957206755,0.06889890350726738,1.008615559969071,0.014638389992889017,0.0397,0.01729515025150757,0.8744,0.012249263016379585,0.01364,0.005691162740014849,0.9,0.005800000000000027
E2,Global,0.9047599999999999,0.0067024373676049225,1.8845085978507996,0.04793383927869112,1.0260561408068343,0.02609845537688372,0.04269999999999999,0.013928787137116812,0.8827,0.010770845422301384,0.014919999999999989,0.004987272690448042,0.9,0.0047599999999998754
E2,Local,0.9034800000000001,0.006922555725870156,1.8814358073536916,0.04626970168201355,1.0243831120363862,0.025192409337995554,0.033100000000000004,0.009397990328906614,0.8870000000000001,0.013613718571108107,0.01168,0.0038737865483557845,0.9,0.0034800000000000386
E3,Global,0.9010199999999999,0.007924336635398018,2.0481875419616697,0.03900497443930393,1.0348608620141875,0.019939431910187877,0.03959999999999999,0.014818906842274148,0.881,0.01103529690483123,0.013299999999999989,0.004675467891024376,0.9,0.0010199999999999099
E3,Local,0.89896,0.007995998999499685,2.049899418629145,0.0430594468934512,1.034221660502758,0.02075706841648489,0.035599999999999986,0.01887502759379879,0.8798,0.015619076655025307,0.01171999999999999,0.0049568807396049444,0.9,0.001040000000000041
E4,Global,0.89732,0.00940553028808053,2.7785526275634767,0.024957099632366763,1.0034748520338403,0.009013261900423654,0.03839999999999999,0.01047960983158352,0.8815,0.006363961030678942,0.014239999999999989,0.0033317329491489105,0.9,0.0026800000000000157
E4,Local,0.89598,0.007929382769869967,2.77559699364446,0.02287872761725804,1.0024074130553016,0.008262657085061778,0.0328,0.009126274644612057,0.8794000000000001,0.012668420931153522,0.01106,0.002617972073529009,0.9,0.0040200000000000236
E5,Global,0.8951600000000001,0.008546760269898222,5.379562330245972,0.24939926630482157,1.0057549584303325,0.031078890933892465,0.0348,0.01681797979676645,0.8760999999999999,0.016216932166377512,0.013239999999999998,0.005087501023750921,0.9,0.0048399999999999554
E5,Local,0.8943199999999999,0.007429191671298368,5.371105993690319,0.1648213927959199,1.0068102768377767,0.029920952393754037,0.0364,0.008643558937793571,0.8766999999999999,0.00842021377400836,0.014599999999999998,0.0038609152628187354,0.9,0.005680000000000129
F1,Global,0.90292,0.008542286969346485,1.6816554427146913,0.03196250153722923,1.0223739259722504,0.019431822756879828,0.0418,0.011933147112141038,0.8823000000000001,0.014267679091802814,0.01408,0.0034411884252068758,0.9,0.0029199999999999227
F1,Local,0.90366,0.006736995703658312,1.6812593079429736,0.03215141359608268,1.0221330824791834,0.019546671551359255,0.0361,0.012440525176481363,0.8848,0.012025897979869221,0.012620000000000001,0.004735163965247432,0.9,0.0036599999999999966
F2,Global,0.90464,0.007809851328788367,1.7913549423217774,0.06529611432081354,1.0890664804221013,0.039697220597769034,0.0491,0.028972975914347034,0.8776999999999999,0.01852955596997525,0.0178,0.01092194528867861,0.9,0.0046399999999999775
F2,Local,0.90242,0.006952825165195667,1.773378987968086,0.05089635862526022,1.0781378713039766,0.030942788945658467,0.040499999999999994,0.01588325463429261,0.8821,0.011911245853300905,0.013619999999999998,0.004672805486119779,0.9,0.0024199999999999777
F3,Global,0.9021399999999999,0.008006691645811715,2.263340210914612,0.06445335517428269,2.29335522960875,0.06530805644993515,0.05179999999999997,0.016116244392951253,0.8773,0.013792510044706656,0.01665999999999997,0.005880325009914174,0.9,0.0021399999999999197
F3,Local,0.9177199999999999,0.006475389306185882,2.2180699588825,0.06592000948013768,2.2474846419347876,0.06679420020523048,0.03839999999999996,0.018440294044413802,0.8981,0.012068784344562482,0.02075999999999998,0.004433007506823737,0.9,0.017719999999999847
H1,Global,0.90284,0.007880101522188696,4.436152362823487,0.0814035496445422,1.150693029203342,0.03125376942970221,0.03959999999999999,0.012312595177297093,0.8821,0.007248754682319197,0.01467999999999999,0.006507568243548765,0.9,0.0028399999999999537
H1,Local,0.9023,0.008036168241145728,4.535243721762542,0.15073941926010784,1.1470916424327866,0.02490197890788572,0.0361,0.012862088995701024,0.8835000000000001,0.013352070168246494,0.01234,0.004440270262044868,0.9,0.0022999999999999687
H2,Global,0.90466,0.008215459681465014,4.449743127822876,0.09839949906328538,1.1861251293443318,0.04377606265971263,0.042099999999999985,0.012731849826321381,0.8825,0.012877629181387896,0.014219999999999991,0.006005515983012784,0.9,0.0046599999999999975
H2,Local,0.9021800000000001,0.008209723232579506,4.501070472219969,0.11388037713754189,1.1710103849087452,0.027409980850871516,0.0306,0.012066482503198684,0.8873,0.011245245909074476,0.01162,0.0041574030355499576,0.9,0.0021800000000000708
